"","X1","X2","middle","corArray"
"1",1.0514888784057,0.393443555246253,0.722466216825977,0
"2",1.06194120319322,0.371766440478722,0.716853821835969,0.191125694618226
"3",1.07719383556492,0.343582112919543,0.710387974242233,0.338140473806769
"4",1.09690452402978,0.309052415268782,0.70297846964928,0.428141818211595
"5",1.12087573185227,0.268161563340358,0.694518647596315,0.473627495064799
"6",1.14906259723048,0.220661442316124,0.684862019773302,0.492643334768602
