"","X1","X2","middle","corArray"
"1",0.0706690757297866,-0.908868237363111,-0.419099580816662,0
"2",0.0350355893376716,-0.847873299925515,-0.406418855293922,0
"3",0.00425519396637108,-0.793271721838474,-0.394508263936051,0
