"","X1","X2","middle","corArray"
"1",0.625093305061895,0.0421782271937933,0.333635766127844,0
"2",0.666369403855399,0.0666026906659489,0.366486047260674,0.389824765659598
"3",0.702015721063833,0.0900009039220932,0.396008312492963,0.492643334768602
