"","X1","X2","middle","corArray"
"1",1.58763090105763,-0.991391766523059,0.298119567267284,0
"2",1.53944852618171,-0.960125634525778,0.289661445827966,0.191125694618226
"3",1.50285419846914,-0.939024877583376,0.281914660442884,0.338140473806769
"4",1.47377956993874,-0.924681533261013,0.274549018338861,0.428141818211595
"5",1.44988431743804,-0.915165622941375,0.267359347248331,0.473627495064799
"6",1.42969162101514,-0.909296298097583,0.260197661458778,0.492643334768602
