"","X1","X2","middle","corArray"
"1",0.290212445645081,-0.598755208358942,-0.154271381356931,0
"2",0.348860375231998,-0.604017309853984,-0.127578467310993,0
"3",0.403885881913156,-0.606472550881981,-0.101293334484412,0
