"","X1","X2","middle","corArray"
"1",1.72543484633005,-0.576666029430336,0.574384408449857,0
"2",1.71128308304356,-0.701079729455736,0.505101676793911,0.389824765659598
"3",1.66628716493613,-0.791372214917416,0.437457475009357,0.492643334768602
