"","X1","X2","middle","corArray"
"1",0.77383106705865,0.146788662650812,0.460309864854731,0
"2",0.796878184351242,0.150041512540561,0.473459848445901,0.389824765659598
"3",0.820908655035787,0.150244112936377,0.485576383986082,0.492643334768602
