"","X1","X2","middle","corArray"
"1",0.480636396689305,-0.167280116534195,0.156678140077555,0
"2",0.44056939164665,-0.151070923485102,0.144749234080774,0
"3",0.399610177416718,-0.134350416803627,0.132629880306546,0
