"","X1","X2","middle","corArray"
"1",0.6775198830311,0.668613339459997,0.673066611245549,0
"2",0.638018348481244,0.607721153686455,0.622869751083849,0
"3",0.59994034574871,0.547471902296489,0.5737061240226,0
