"","X1","X2","middle","corArray"
"1",0.0589764659614086,0.202035718843331,0.13050609240237,0
"2",0.0306261900312626,0.172584871357525,0.101605530694394,0.389824765659598
"3",0.00443112073209,0.144667054250847,0.0745490874914686,0.492643334768602
