"","X1","X2","middle","corArray"
"1",0.188664350312947,0.188664350312947,0.188664350312947,0
"2",0.203833020195292,0.203833020195292,0.203833020195292,0.389824765659598
"3",0.215430273370829,0.215430273370829,0.215430273370829,0.492643334768602
