"","X1","X2","middle","corArray"
"1",0.698399795085877,0.698399795085877,0.698399795085877,0
"2",0.645138901959336,0.645138901959336,0.645138901959336,0.389824765659598
"3",0.583917930241105,0.583917930241105,0.583917930241105,0.492643334768602
