"","X1","X2","middle","corArray"
"1",0.315026460204233,0.315026460204233,0.315026460204233,0
"2",0.268416696900538,0.268416696900538,0.268416696900538,0
"3",0.221944191867255,0.221944191867255,0.221944191867255,0
