"","X1","X2","middle","corArray"
"1",0.303743260395594,0.303743260395594,0.303743260395594,0
"2",0.301571171915452,0.301571171915452,0.301571171915452,0.389824765659598
"3",0.297643362473396,0.297643362473396,0.297643362473396,0.492643334768602
