"","X1","X2","middle","corArray"
"1",0.214566749225412,0.214566749225412,0.214566749225412,0
"2",0.235308005781679,0.235308005781679,0.235308005781679,0.389824765659598
"3",0.252154735270219,0.252154735270219,0.252154735270219,0.492643334768602
