"","X1","X2","middle","corArray"
"1",0.0738229220909423,0.0738229220909423,0.0738229220909423,0
"2",0.0848139925163831,0.0848139925163831,0.0848139925163831,0
"3",0.0877046785308357,0.0877046785308357,0.0877046785308357,0
