"","X1","X2","middle","corArray"
"1",0.464216644735098,0.464216644735098,0.464216644735098,0
"2",0.474885743523092,0.474885743523092,0.474885743523092,0.389824765659598
"3",0.479346488021299,0.479346488021299,0.479346488021299,0.492643334768602
