"","X1","X2","middle","corArray"
"1",-0.833653390767579,0.160144098390237,-0.336754646188671,0
"2",-0.746739865759632,-0.0164880156254812,-0.381613940692557,0.389824765659598
"3",-0.688838867117218,-0.153185337641745,-0.421012102379482,0.492643334768602
