"","X1","X2","middle","corArray"
"1",-0.455360808553269,-0.455360808553269,-0.455360808553269,0
"2",-0.45711031807913,-0.45711031807913,-0.45711031807913,0.389824765659598
"3",-0.457763647701494,-0.457763647701494,-0.457763647701494,0.492643334768602
