"","X1","X2","middle","corArray"
"1",-0.339612167110114,-0.339612167110114,-0.339612167110114,0
"2",-0.308064528241376,-0.308064528241376,-0.308064528241376,0
"3",-0.276812279457345,-0.276812279457345,-0.276812279457345,0
