"","X1","X2","middle","corArray"
"1",0.325498012470458,0.325498012470458,0.325498012470458,0
"2",0.36179338823542,0.36179338823542,0.36179338823542,0.389824765659598
"3",0.39578537636622,0.39578537636622,0.39578537636622,0.492643334768602
