"","X1","X2","middle","corArray"
"1",0.289400356849918,0.504022693171938,0.396711525010928,0
"2",0.300643644868721,0.508493387619912,0.404568516244317,0.389824765659598
"3",0.306817245458233,0.511046925314742,0.408932085386487,0.492643334768602
