"","X1","X2","middle","corArray"
"1",-0.0857768361178581,-0.0857768361178581,-0.0857768361178581,0
"2",-0.0306898915670177,-0.0306898915670177,-0.0306898915670177,0.389824765659598
"3",0.01674896702479,0.01674896702479,0.01674896702479,0.492643334768602
