"","X1","X2","middle","corArray"
"1",0.179582173142323,0.179582173142323,0.179582173142323,0
"2",0.211575040488723,0.211575040488723,0.211575040488723,0.389824765659598
"3",0.241613247427229,0.241613247427229,0.241613247427229,0.492643334768602
