"","X1","X2","middle","corArray"
"1",0.32953473754925,0.656898334846865,0.493216536198057,0
"2",0.348376643268022,0.655601755840868,0.501989199554445,0.389824765659598
"3",0.367264401084209,0.654623003223757,0.510943702153983,0.492643334768602
