"","X1","X2","middle","corArray"
"1",-0.60387765080851,-0.60387765080851,-0.60387765080851,0
"2",-0.560696827213403,-0.560696827213403,-0.560696827213403,0
"3",-0.518431595465186,-0.518431595465186,-0.518431595465186,0
