"","X1","X2","middle","corArray"
"1",0.371152877569556,0.39428751494796,0.382720196258758,0
"2",0.369943713344398,0.393254681969867,0.381599197657132,0.389824765659598
"3",0.364699090345043,0.388915669845477,0.37680738009526,0.492643334768602
