"","X1","X2","middle","corArray"
"1",0.410061355090854,0.410061355090854,0.410061355090854,0
"2",0.382169543298563,0.382169543298563,0.382169543298563,0
"3",0.348695381336515,0.348695381336515,0.348695381336515,0
