"","X1","X2","middle","corArray"
"1",0.465087004858897,0.465087004858897,0.465087004858897,0
"2",0.449585085660516,0.449585085660516,0.449585085660516,0.389824765659598
"3",0.431942005216326,0.431942005216326,0.431942005216326,0.492643334768602
