"","X1","X2","middle","corArray"
"1",0.167432192563179,0.442930716267451,0.305181454415315,0
"2",0.186778224259345,0.452867927060913,0.319823075660129,0.389824765659598
"3",0.205970792878631,0.464609806458805,0.335290299668718,0.492643334768602
