"","X1","X2","middle","corArray"
"1",0.718855189063418,0.718855189063418,0.718855189063418,0
"2",0.694056355329427,0.694056355329427,0.694056355329427,0.389824765659598
"3",0.66881697665638,0.66881697665638,0.66881697665638,0.492643334768602
