"","X1","X2","middle","corArray"
"1",0.134062769558012,0.342562878868913,0.238312824213462,0
"2",0.101024628155211,0.369097379735327,0.235061003945269,0.389824765659598
"3",0.0659466782179611,0.398254218862933,0.232100448540447,0.492643334768602
