"","X1","X2","middle","corArray"
"1",0.25448726643449,0.25448726643449,0.25448726643449,0
"2",0.254266863681355,0.254266863681355,0.254266863681355,0.389824765659598
"3",0.254362084902096,0.254362084902096,0.254362084902096,0.492643334768602
