"","X1","X2","middle","corArray"
"1",-0.324631438177014,-0.324631438177014,-0.324631438177014,0
"2",-0.30616920467988,-0.30616920467988,-0.30616920467988,0
"3",-0.282994431295406,-0.282994431295406,-0.282994431295406,0
