"","X1","X2","middle","corArray"
"1",-0.242257732503017,0.286709081819148,0.0222256746580654,0
"2",-0.268823453408119,0.326296125961922,0.0287363362769017,0.191125694618226
"3",-0.296526501067696,0.366139716179361,0.0348066075558324,0.338140473806769
"4",-0.325712707109416,0.406808140195993,0.0405477165432887,0.428141818211595
"5",-0.356825145272848,0.448935936023043,0.0460553953750978,0.473627495064799
"6",-0.390522102415576,0.493384931302818,0.051431414443621,0.492643334768602
