"","X1","X2","middle","corArray"
"1",0.286813547386485,0.286813547386485,0.286813547386485,0
"2",0.25447742117632,0.25447742117632,0.25447742117632,0.191125694618226
"3",0.222881124620274,0.222881124620274,0.222881124620274,0.338140473806769
"4",0.191547450426249,0.191547450426249,0.191547450426249,0.428141818211595
"5",0.160055541708538,0.160055541708538,0.160055541708538,0.473627495064799
"6",0.127935339397352,0.127935339397352,0.127935339397352,0.492643334768602
