"","X1","X2","middle","corArray"
"1",0.296118315061988,0.492509114903966,0.394313714982977,0
"2",0.226996333292188,0.504602306621249,0.365799319956719,0.389824765659598
"3",0.161985086841551,0.524196655342702,0.343090871092126,0.492643334768602
