"","X1","X2","middle","corArray"
"1",0.120958819401456,0.120958819401456,0.120958819401456,0
"2",0.12045511118113,0.12045511118113,0.12045511118113,0.389824765659598
"3",0.118770803984167,0.118770803984167,0.118770803984167,0.492643334768602
