"","X1","X2","middle","corArray"
"1",0.848156623071777,0.848156623071777,0.848156623071777,0
"2",0.789433085000587,0.789433085000587,0.789433085000587,0.389824765659598
"3",0.732612983180949,0.732612983180949,0.732612983180949,0.492643334768602
