"","X1","X2","middle","corArray"
"1",0.235617850043031,0.235617850043031,0.235617850043031,0
"2",0.163099897513042,0.163099897513042,0.163099897513042,0.389824765659598
"3",0.0834997587694157,0.0834997587694157,0.0834997587694157,0.492643334768602
