"","myReplicationCount","duration"
"1",4,7.146409034729
"2",5,11.0486319065094
"3",6,17.0719769001007
"4",7,17.900022983551
"5",8,22.1192660331726
"6",9,24.2183849811554
"7",10,28.6916410923004
"8",11,27.4585700035095
"9",12,29.5716919898987
"10",13,31.9268260002136
"11",14,33.7589309215546
"12",15,30.6467530727386
"13",16,33.5339179039001
"14",17,41.154354095459
"15",18,44.8105630874634
"16",19,49.9288549423218
"17",20,52.7860200405121
