"","mySuperReplicationCount","duration"
"1",4,10.8756220340729
"2",5,13.6107790470123
"3",6,14.3778221607208
"4",7,16.8879659175873
"5",8,18.6490671634674
"6",9,20.9181959629059
"7",10,20.3471639156342
"8",11,26.5115160942078
"9",12,28.4486269950867
"10",13,32.3888528347015
"11",14,36.8631081581116
"12",15,35.9200549125671
"13",16,37.5301470756531
"14",17,42.6894409656525
"15",18,47.3677101135254
"16",19,47.4117109775543
"17",20,46.7036719322205
