"","myTParCountArray","duration"
"1",2,4.02623009681702
"2",3,3.63820791244507
"3",4,4.14423704147339
"4",5,3.32719087600708
"5",6,3.64320802688599
"6",7,4.049232006073
"7",8,5.15929508209229
"8",9,4.31424713134766
"9",10,4.2912449836731
"10",11,4.00122904777527
"11",12,6.65938091278076
"12",13,7.24141407012939
"13",14,5.49731492996216
"14",15,5.78733110427856
"15",16,4.29224491119385
"16",17,6.77638816833496
"17",18,5.58531904220581
"18",19,6.02234506607056
"19",20,6.26235795021057
