"","sampleSizeArray","duration"
"1",10,0.442024946212769
"2",20,0.581032991409302
"3",30,0.745041847229004
"4",40,0.921053171157837
"5",50,1.06806087493896
"6",60,1.22407007217407
