"","sampleSizeArray","duration"
"1",10,0.0535120964050293
"2",20,0.075516939163208
"3",30,0.09552001953125
"4",40,0.11102294921875
"5",50,0.138031959533691
"6",60,0.157032012939453
