"","X1","X2","middle","corArray"
"1",0.40589787864194,0.440456125084229,0.423177001863085,0
"2",0.414289249487977,0.447713696458561,0.431001472973269,0.389824765659598
