"","X1","X2","middle","corArray"
"1",0.410022282258959,0.612583248899244,0.511302765579101,0
"2",0.429902238286044,0.623359240009622,0.526630739147833,0.389824765659598
