"","X1","X2","middle","corArray"
"1",0.558130835771788,0.569248938633309,0.563689887202549,0
"2",0.529702828883327,0.545247169268018,0.537474999075673,0.389824765659598
