"","X1","X2","middle","corArray"
"1",0.308144446553882,0.361173205011833,0.334658825782857,0
"2",0.357386499122066,0.403810080814619,0.380598289968342,0.389824765659598
