"","X1","X2","middle","corArray"
"1",0.617920639107954,0.711111938126034,0.664516288616994,0
"2",0.634769653717728,0.719844603090324,0.677307128404026,0.389824765659598
