"","X1","X2","middle","corArray"
"1",0.200565342528225,0.328242167166261,0.264403754847243,0
"2",0.252377919659322,0.370238416269392,0.311308167964357,0.389824765659598
