"","X1","X2","middle","corArray"
"1",0.294662972175275,0.332436864562749,0.313549918369012,0
"2",0.33450309114761,0.372469793916564,0.353486442532087,0.389824765659598
