"","X1","X2","middle","corArray"
"1",0.435881774988413,0.498079141689735,0.466980458339074,0
"2",0.442891561066394,0.502612787336532,0.472752174201463,0.389824765659598
