"","X1","X2","middle","corArray"
"1",0.393806963648543,0.455235611824662,0.424521287736602,0
"2",0.465629552582712,0.516969518226495,0.491299535404604,0.389824765659598
