"","X1","X2","middle","corArray"
"1",0.368946333635634,0.410124454651524,0.389535394143579,0
"2",0.398001868301615,0.437031225149893,0.417516546725754,0.389824765659598
