"","X1","X2","middle","corArray"
"1",0.429366823684238,0.402870689996879,0.416118756840559,0
"2",0.435980464419848,0.409717051108285,0.422848757764067,0.389824765659598
