"","X1","X2","middle","corArray"
"1",0.01385482367386,0.528682149100925,0.271268486387393,0
"2",0.0701490034821056,0.55098055247394,0.310564777978023,0.389824765659598
