"","X1","X2","middle","corArray"
"1",0.346463100853609,0.47036122917813,0.40841216501587,0
"2",0.364883475998975,0.491852404497591,0.428367940248283,0.389824765659598
