"","X1","X2","middle","corArray"
"1",0.204071230380392,0.423429097925648,0.31375016415302,0
"2",0.239688444438215,0.447928678573142,0.343808561505679,0.389824765659598
