"","X1","X2","middle","corArray"
"1",0.207629910871539,0.580451260512156,0.394040585691848,0
"2",0.243760547749565,0.608966109638593,0.426363328694079,0.389824765659598
