"","X1","X2","middle","corArray"
"1",0.321499310898396,0.358859270410635,0.340179290654515,0
"2",0.358980972219122,0.393868567514679,0.3764247698669,0.389824765659598
