"","X1","X2","middle","corArray"
"1",0.123136359683573,0.452959705240504,0.288048032462039,0
"2",0.161151616453411,0.455397717819502,0.308274667136457,0.389824765659598
