"","X1","X2","middle","corArray"
"1",0.556861111468964,0.712615446176249,0.634738278822606,0
"2",0.555996459430757,0.726913055920063,0.64145475767541,0.389824765659598
