"","X1","X2","middle","corArray"
"1",-0.029514363621511,0.380498234219556,0.175491935299023,0
"2",-0.0676527328852477,0.431943067944877,0.182145167529815,0.389824765659598
