"","X1","X2","middle","corArray"
"1",0.29100889509722,0.396209630487794,0.343609262792507,0
"2",0.28975103988822,0.39655348541677,0.343152262652495,0.389824765659598
