"","X1","X2","middle","corArray"
"1",0.265179009016401,0.490262391626442,0.377720700321422,0
"2",0.235930366571999,0.474378968776041,0.35515466767402,0.389824765659598
