"","X1","X2","middle","corArray"
"1",0.286349435477952,0.326459756604259,0.306404596041106,0
"2",0.300450244873463,0.33945645349613,0.319953349184796,0.389824765659598
