"","X1","X2","middle","corArray"
"1",0.294161522713689,0.310346988342907,0.302254255528298,0
"2",0.315945906181922,0.33219571512096,0.324070810651441,0.389824765659598
