"","X1","X2","middle","corArray"
"1",0.354100726538961,0.466601384304528,0.410351055421745,0
"2",0.379065710409418,0.491261353166046,0.435163531787732,0.389824765659598
