"","X1","X2","middle","corArray"
"1",0.403734628573838,0.365139834017544,0.384437231295691,0
"2",0.421691097248548,0.387146650077747,0.404418873663147,0.389824765659598
