"","X1","X2","middle","corArray"
"1",0.0449887157668456,0.345588902273036,0.195288809019941,0
"2",0.0477842954221133,0.346305728614835,0.197045012018474,0.389824765659598
