"","X1","X2","middle","corArray"
"1",0.194997846298672,0.392251501312106,0.293624673805389,0
"2",0.205303012709756,0.382987049850557,0.294145031280157,0.389824765659598
