"","X1","X2","middle","corArray"
"1",0.244891016815245,0.268961486376132,0.256926251595688,0
"2",0.283779954935894,0.306237435451572,0.295008695193733,0.389824765659598
