"","X1","X2","middle","corArray"
"1",0.115512165558468,0.402859201702877,0.259185683630672,0
"2",0.162144102460818,0.422152189064599,0.292148145762708,0.389824765659598
