"","X1","X2","middle","corArray"
"1",0.10158070018855,0.468973426791418,0.285277063489984,0
"2",0.117257127445309,0.505745720651827,0.311501424048568,0.389824765659598
