"","X1","X2","middle","corArray"
"1",0.0765090153673644,0.507502437607781,0.292005726487573,0
"2",0.131219952712324,0.529703625553162,0.330461789132743,0.389824765659598
