"","X1","X2","middle","corArray"
"1",-0.0222258189686757,0.290600182844473,0.134187181937899,0
"2",-0.0309123402323443,0.298752788689603,0.133920224228629,0.389824765659598
