"","X1","X2","middle","corArray"
"1",0.298625120967385,0.333444930103149,0.316035025535267,0
"2",0.306758983618551,0.338194312771979,0.322476648195265,0.389824765659598
