"","X1","X2","middle","corArray"
"1",0.424746949343581,0.479601327731141,0.452174138537361,0
"2",0.434580044600136,0.497304930935139,0.465942487767638,0.389824765659598
