"","X1","X2","middle","corArray"
"1",0.533349841212945,0.697949211688885,0.615649526450915,0
"2",0.479019636960954,0.655977083114894,0.567498360037924,0.389824765659598
