"","X1","X2","middle","corArray"
"1",0.253309160527616,0.35472086484345,0.304015012685533,0
"2",0.269773709385588,0.359022715238745,0.314398212312167,0.389824765659598
