"","X1","X2","middle","corArray"
"1",0.188370964622174,0.363249344883822,0.275810154752998,0
"2",0.21842542650896,0.397420422406394,0.307922924457677,0.389824765659598
