"","X1","X2","middle","corArray"
"1",0.192468238737263,0.316032817663563,0.254250528200413,0
"2",0.228672815588422,0.342680948637177,0.2856768821128,0.389824765659598
