"","X1","X2","middle","corArray"
"1",0.191467070374218,0.48504015837182,0.338253614373019,0
"2",0.107457033285238,0.419550870306451,0.263503951795844,0.389824765659598
