"","X1","X2","middle","corArray"
"1",0.117095862148178,0.419061629403861,0.26807874577602,0
"2",0.15155083340758,0.437726029978793,0.294638431693187,0.389824765659598
