"","X1","X2","middle","corArray"
"1",0.136820895969681,0.428224346308896,0.282522621139288,0
"2",0.164285099358946,0.434912977582878,0.299599038470912,0.389824765659598
