"","X1","X2","middle","corArray"
"1",0.143563572128536,0.530018921677248,0.336791246902892,0
"2",0.175201179884503,0.556249843298545,0.365725511591524,0.389824765659598
