"","X1","X2","middle","corArray"
"1",0.192222613366329,0.489357023272727,0.340789818319528,0
"2",0.218720565507743,0.504501496430869,0.361611030969306,0.389824765659598
