"","X1","X2","middle","corArray"
"1",-0.514259411712189,0.215757971734735,-0.149250719988727,0
"2",-0.519367335242401,0.274171429240844,-0.122597953000778,0.389824765659598
