"","X1","X2","middle","corArray"
"1",0.300830482237971,0.611220765127411,0.456025623682691,0
"2",0.319759227004689,0.625404053142188,0.472581640073439,0.389824765659598
