"","X1","X2","middle","corArray"
"1",0.36774262240256,0.377069742931962,0.372406182667261,0
"2",0.349269076215738,0.361975118443997,0.355622097329867,0.389824765659598
