"","X1","X2","middle","corArray"
"1",0.22146248278754,0.63416260668031,0.427812544733925,0
"2",0.204988136776504,0.611193657677502,0.408090897227003,0.389824765659598
