"","X1","X2","middle","corArray"
"1",0.439471519010639,0.464992641154252,0.452232080082446,0
"2",0.404268232686609,0.431081179153206,0.417674705919907,0.389824765659598
