"","X1","X2","middle","corArray"
"1",0.210196481739013,0.391945816332108,0.301071149035561,0
"2",0.210299740832072,0.380805309022774,0.295552524927423,0.389824765659598
