"","X1","X2","middle","corArray"
"1",-0.301200888598386,0.44563564089734,0.0722173761494768,0
"2",-0.35542792748458,0.437958624383668,0.0412653484495441,0.389824765659598
