"","X1","X2","middle","corArray"
"1",0.363419510633058,0.563748500228359,0.463584005430708,0
"2",0.359090789875665,0.559495517873009,0.459293153874337,0.389824765659598
