"","X1","X2","middle","corArray"
"1",-0.0345179463988914,0.400052541202419,0.182767297401764,0
"2",-0.0423973183905041,0.411282871786395,0.184442776697945,0.389824765659598
