"","X1","X2","middle","corArray"
"1",-0.11824161983546,0.0583223779986891,-0.0299596209183854,0
"2",-0.0792714174539898,0.0938440224727532,0.00728630250938167,0.389824765659598
