"","X1","X2","middle","corArray"
"1",0.635069489081096,0.724278669254554,0.679674079167825,0
"2",0.633123178168,0.718966999693571,0.676045088930786,0.389824765659598
