"","X1","X2","middle","corArray"
"1",0.150268613141186,0.451309052095901,0.300788832618543,0
"2",0.178633239768867,0.464824854106614,0.321729046937741,0.389824765659598
