"","X1","X2","middle","corArray"
"1",0.377131589145269,0.568480766485551,0.47280617781541,0
"2",0.292820799419192,0.562631844854875,0.427726322137034,0.389824765659598
