"","X1","X2","middle","corArray"
"1",0.350738130502947,0.458259993596924,0.404499062049936,0
"2",0.374790845783441,0.475927709272674,0.425359277528058,0.389824765659598
