"","X1","X2","middle","corArray"
"1",-0.0763754610754153,0.423081179025622,0.173352858975103,0
"2",-0.0361675294316079,0.453273441328976,0.208552955948684,0.389824765659598
