"","X1","X2","middle","corArray"
"1",0.398819782607846,0.541826424195226,0.470323103401536,0
"2",0.43294086018225,0.57515449564866,0.504047677915455,0.389824765659598
