"","X1","X2","middle","corArray"
"1",0.213093884260881,0.523059270655376,0.368076577458128,0
"2",0.250072406077293,0.520208462518846,0.38514043429807,0.389824765659598
