"","X1","X2","middle","corArray"
"1",-0.501672803175176,0.512844556649919,0.00558587673737121,0
"2",-0.538532836321069,0.444961385240362,-0.0467857255403536,0.389824765659598
