"","X1","X2","middle","corArray"
"1",0.253410888132802,0.470558464696457,0.361984676414629,0
"2",0.250954200017934,0.493162165484496,0.372058182751215,0.389824765659598
