"","X1","X2","middle","corArray"
"1",0.828002185855441,0.83125786081874,0.82963002333709,0
"2",0.808103886178703,0.821121438745586,0.814612662462144,0.389824765659598
