"","X1","X2","middle","corArray"
"1",0.134842961702827,0.510249469351099,0.322546215526963,0
"2",0.166659294080611,0.539592967495688,0.35312613078815,0.389824765659598
