"","X1","X2","middle","corArray"
"1",0.176419333541592,0.330275912856362,0.253347623198977,0
"2",0.228986889570945,0.369885109323307,0.299435999447126,0.389824765659598
