"","X1","X2","middle","corArray"
"1",0.533402362724667,0.548980390816731,0.541191376770699,0
"2",0.517713610529395,0.537590667187165,0.52765213885828,0.389824765659598
