"","X1","X2","middle","corArray"
"1",0.097926345991488,0.527873808989517,0.312900077490502,0
"2",0.142323920135659,0.532858984326827,0.337591452231243,0.389824765659598
