"","X1","X2","middle","corArray"
"1",0.671588008156433,0.73275301679402,0.702170512475227,0
"2",0.677988387231867,0.733319884429254,0.705654135830561,0.389824765659598
