"","X1","X2","middle","corArray"
"1",-0.0761519602801596,0.792652208837221,0.358250124278531,0
"2",-0.0170265297751304,0.77607055237317,0.37952201129902,0.389824765659598
