"","X1","X2","middle","corArray"
"1",0.370907066106716,0.740441046671203,0.55567405638896,0
"2",0.310178342841951,0.716457584347356,0.513317963594653,0.389824765659598
