"","X1","X2","middle","corArray"
"1",-0.449195196048524,0.0317045310069634,-0.20874533252078,0
"2",-0.438464300108833,0.0513939110722193,-0.193535194518307,0.389824765659598
