"","X1","X2","middle","corArray"
"1",-0.67301350137686,0.861716590395813,0.0943515445094766,0
"2",-0.654538747860323,0.845440907804488,0.0954510799720825,0.389824765659598
