"","X1","X2","middle","corArray"
"1",0.295901155190013,0.415752297568812,0.355826726379413,0
"2",0.354551758526742,0.460990645716919,0.407771202121831,0.389824765659598
