"","X1","X2","middle","corArray"
"1",0.268137689033612,0.606129627272112,0.437133658152862,0
"2",0.290056621197219,0.621118075599877,0.455587348398548,0.389824765659598
