"","X1","X2","middle","corArray"
"1",0.20786443078065,0.27886846920549,0.24336644999307,0
"2",0.214733441633573,0.28232048754698,0.248526964590277,0.389824765659598
