"","X1","X2","middle","corArray"
"1",0.179548734286553,0.398951154738775,0.289249944512664,0
"2",0.227858730124321,0.439870798975465,0.333864764549893,0.389824765659598
