"","X1","X2","middle","corArray"
"1",0.250163329850076,0.332123652109437,0.291143490979757,0
"2",0.299749179147842,0.374466359775536,0.337107769461689,0.389824765659598
