"","X1","X2","middle","corArray"
"1",-0.0454593112456524,0.247385381054561,0.100963034904454,0
"2",0.0672882409948139,0.319902474699489,0.193595357847152,0.389824765659598
