"","X1","X2","middle","corArray"
"1",0.117516881585168,0.561903162140611,0.339710021862889,0
"2",0.170447420760264,0.590043353408601,0.380245387084432,0.389824765659598
