"","X1","X2","middle","corArray"
"1",0.198230278251716,0.436619679093395,0.317424978672556,0
"2",0.235868379503751,0.468533589048758,0.352200984276255,0.389824765659598
