"","X1","X2","middle","corArray"
"1",0.790134294690733,0.156320469949208,0.473227382319971,0
"2",0.792845795345491,0.166331028796258,0.479588412070874,0.389824765659598
