"","X1","X2","middle","corArray"
"1",0.792442375469616,-0.0718008690485766,0.36032075321052,0
"2",0.805827491972436,-0.0685875190380154,0.36861998646721,0.389824765659598
