"","X1","X2","middle","corArray"
"1",0.701351665427303,-0.0817238410737973,0.309813912176753,0
"2",0.730904303886547,-0.077859658333349,0.326522322776599,0.389824765659598
