"","X1","X2","middle","corArray"
"1",0.597194345047081,-0.113905139240403,0.241644602903339,0
"2",0.625486070333919,-0.0983329265988776,0.263576571867521,0.389824765659598
