"","X1","X2","middle","corArray"
"1",0.344530196857279,-0.274897460967332,0.0348163679449737,0
"2",0.366646701472927,-0.252193242135142,0.0572267296688921,0.389824765659598
