"","X1","X2","middle","corArray"
"1",0.831633062983842,-0.0505676869252316,0.390532688029305,0
"2",0.88134049204317,-0.0115271146151441,0.434906688714013,0.389824765659598
