"","X1","X2","middle","corArray"
"1",0.173104400107421,0.484597577179259,0.32885098864334,0
"2",0.220576216775729,0.49497244092769,0.357774328851709,0.389824765659598
