"","X1","X2","middle","corArray"
"1",0.618360025248875,-0.135300221692185,0.241529901778345,0
"2",0.624283594906972,-0.133536050338208,0.245373772284382,0.389824765659598
