"","X1","X2","middle","corArray"
"1",0.578730603397071,-0.130011838912287,0.224359382242392,0
"2",0.595744321416341,-0.121392782227715,0.237175769594313,0.389824765659598
