"","X1","X2","middle","corArray"
"1",0.635581525795648,-0.127873009998176,0.253854257898736,0
"2",0.641576099017792,-0.112564925103699,0.264505586957047,0.389824765659598
