"","X1","X2","middle","corArray"
"1",0.697225494565478,-0.0417353642751027,0.327745065145187,0
"2",0.720490918451643,-0.00486428785156795,0.357813315300038,0.389824765659598
