"","X1","X2","middle","corArray"
"1",0.830976597863692,0.191474953811369,0.51122577583753,0
"2",0.837614963045986,0.178188781086987,0.507901872066487,0.389824765659598
