"","X1","X2","middle","corArray"
"1",0.584139484208077,-0.206971977264836,0.18858375347162,0
"2",0.637965129103647,-0.154348964522728,0.241808082290459,0.389824765659598
