"","X1","X2","middle","corArray"
"1",0.870259819885163,0.30233289943772,0.586296359661441,0
"2",0.876648527484644,0.342033855610341,0.609341191547493,0.389824765659598
