"","X1","X2","middle","corArray"
"1",0.711522821112412,-0.0569462825477199,0.327288269282346,0
"2",0.717199872638904,-0.0655587728640914,0.325820549887406,0.389824765659598
