"","X1","X2","middle","corArray"
"1",0.549488778207229,-0.26662795901085,0.14143040959819,0
"2",0.564218339183265,-0.247446473578888,0.158385932802188,0.389824765659598
