"","X1","X2","middle","corArray"
"1",0.828343055754598,0.106476528864992,0.467409792309795,0
"2",0.835341464430231,0.126375513209713,0.480858488819972,0.389824765659598
