"","X1","X2","middle","corArray"
"1",0.80896283006973,0.0726263972221699,0.44079461364595,0
"2",0.829988026843182,0.114139039254354,0.472063533048768,0.389824765659598
