"","X1","X2","middle","corArray"
"1",0.796764954706394,0.0806027974465247,0.438683876076459,0
"2",0.807757194736373,0.0750743229980882,0.441415758867231,0.389824765659598
