"","X1","X2","middle","corArray"
"1",0.49971736635397,-0.197747679974507,0.150984843189732,0
"2",0.502422532305732,-0.184626773123756,0.158897879590988,0.389824765659598
