"","X1","X2","middle","corArray"
"1",0.918172004626261,0.228913393626654,0.573542699126458,0
"2",0.935740317966413,0.233259923421543,0.584500120693978,0.389824765659598
