"","X1","X2","middle","corArray"
"1",0.625220493878826,-0.155696352999444,0.234762070439691,0
"2",0.697982845108103,-0.127522552416299,0.285230146345902,0.389824765659598
