"","X1","X2","middle","corArray"
"1",0.780272813793023,0.176668202636559,0.478470508214791,0
"2",0.786071329302095,0.198159441308962,0.492115385305529,0.389824765659598
