"","X1","X2","middle","corArray"
"1",0.584217397816727,-0.331045630200365,0.126585883808181,0
"2",0.610222340698959,-0.252106353763593,0.179057993467683,0.389824765659598
