"","X1","X2","middle","corArray"
"1",0.786161196593695,0.0497550487451992,0.417958122669447,0
"2",0.79979792863297,0.0367225870937156,0.418260257863343,0.389824765659598
