"","X1","X2","middle","corArray"
"1",0.691706633236439,-0.0495902015675778,0.321058215834431,0
"2",0.712436393236007,-0.0196728346627189,0.346381779286644,0.389824765659598
