"","X1","X2","middle","corArray"
"1",0.67772821121791,-0.0488363555858842,0.314445927816013,0
"2",0.708505212416674,-0.0245893928261587,0.341957909795258,0.389824765659598
