"","X1","X2","middle","corArray"
"1",0.463190258121363,-0.231973312838908,0.115608472641227,0
"2",0.458750326653867,-0.233941096385815,0.112404615134026,0.389824765659598
