"","X1","X2","middle","corArray"
"1",0.849301748879812,0.10954579967197,0.479423774275891,0
"2",0.857249088745071,0.114005428271948,0.48562725850851,0.389824765659598
