"","X1","X2","middle","corArray"
"1",0.725050730312393,-0.0116988348608236,0.356675947725785,0
"2",0.726237495016747,-0.0264314577223134,0.349903018647217,0.389824765659598
