"","X1","X2","middle","corArray"
"1",0.598814703399624,-0.124657748729472,0.237078477335076,0
"2",0.572971593010795,-0.136405182638276,0.218283205186259,0.389824765659598
