"","X1","X2","middle","corArray"
"1",0.866946397488779,0.0745639434108151,0.470755170449797,0
"2",0.853245025282417,0.101021840192696,0.477133432737556,0.389824765659598
