"","X1","X2","middle","corArray"
"1",0.873248069092347,0.148679269419941,0.510963669256144,0
"2",0.849290341894917,0.160767915246081,0.505029128570499,0.389824765659598
