"","X1","X2","middle","corArray"
"1",0.569132620150413,-0.178444933583107,0.195343843283653,0
"2",0.626679563742789,-0.144777271844446,0.240951145949171,0.389824765659598
