"","X1","X2","middle","corArray"
"1",0.709683354498978,0.0265008264192821,0.36809209045913,0
"2",0.752170069782088,0.0878515404612842,0.420010805121686,0.389824765659598
