"","X1","X2","middle","corArray"
"1",0.841714637609053,0.0265391502612634,0.434126893935158,0
"2",0.872414349280639,0.0611223921585254,0.466768370719582,0.389824765659598
