"","X1","X2","middle","corArray"
"1",0.758766540714426,-0.0689288151917387,0.344918862761344,0
"2",0.77827522027087,-0.0430584603655395,0.367608379952665,0.389824765659598
