"","X1","X2","middle","corArray"
"1",0.82040682722143,0.184614606060995,0.502510716641213,0
"2",0.833022757805446,0.223829789541678,0.528426273673562,0.389824765659598
