"","X1","X2","middle","corArray"
"1",0.634025269821581,-0.065805869360945,0.284109700230318,0
"2",0.647413219452961,-0.0505498705235607,0.2984316744647,0.389824765659598
