"","X1","X2","middle","corArray"
"1",0.714221576404807,-0.167878354308724,0.273171611048042,0
"2",0.70952134453866,-0.144977824524789,0.282271760006936,0.389824765659598
