"","X1","X2","middle","corArray"
"1",0.654265839279295,-0.051773577985109,0.301246130647093,0
"2",0.663682703892878,-0.0319043963839239,0.315889153754477,0.389824765659598
