"","X1","X2","middle","corArray"
"1",0.632261694979946,-0.0667598933396901,0.282750900820128,0
"2",0.625931276704656,-0.0660074551243217,0.279961910790167,0.389824765659598
