"","X1","X2","middle","corArray"
"1",0.814342509078982,0.243073410523184,0.528707959801083,0
"2",0.824488653349321,0.284458688489559,0.55447367091944,0.389824765659598
