"","X1","X2","middle","corArray"
"1",0.586190454395709,-0.139713862010263,0.223238296192723,0
"2",0.602127888327947,-0.12997640128719,0.236075743520379,0.389824765659598
