"","X1","X2","middle","corArray"
"1",0.603315793113488,-0.103995715922108,0.24966003859569,0
"2",0.628418541601552,-0.0889154483988405,0.269751546601355,0.389824765659598
