"","X1","X2","middle","corArray"
"1",0.822404857728107,0.178787751075655,0.500596304401881,0
"2",0.819277214068092,0.176161897320254,0.497719555694173,0.389824765659598
