"","X1","X2","middle","corArray"
"1",0.853988937378535,0.0831221261752782,0.468555531776907,0
"2",0.860147423651038,0.105252136505101,0.482699780078069,0.389824765659598
