"","X1","X2","middle","corArray"
"1",0.641668360810063,-0.0613294844091516,0.290169438200456,0
"2",0.652092668075222,-0.0447123138034614,0.30369017713588,0.389824765659598
