"","X1","X2","middle","corArray"
"1",0.964577809363118,-0.14980539726198,0.407386206050569,0
"2",1.01850475312937,-0.144102968385367,0.437200892372,0.389824765659598
