"","X1","X2","middle","corArray"
"1",0.750991925685659,-0.0609252078426293,0.345033358921515,0
"2",0.766173387513439,-0.0235696921864368,0.371301847663501,0.389824765659598
