"","X1","X2","middle","corArray"
"1",0.743022496839767,0.0432768769269404,0.393149686883354,0
"2",0.747215271732371,0.0550875326211457,0.401151402176758,0.389824765659598
