"","X1","X2","middle","corArray"
"1",0.677399458434032,-0.0662113150469597,0.305594071693536,0
"2",0.690452139247771,-0.02006095309841,0.335195593074681,0.389824765659598
