"","X1","X2","middle","corArray"
"1",0.670888243170527,-0.0950136223857842,0.287937310392371,0
"2",0.655201774744434,-0.0931193549871201,0.281041209878657,0.389824765659598
