"","X1","X2","middle","corArray"
"1",0.672678983283727,-0.100319987694451,0.286179497794638,0
"2",0.65410580596304,-0.11645649071722,0.26882465762291,0.389824765659598
