"","X1","X2","middle","corArray"
"1",0.850325567244349,0.250395619723742,0.550360593484045,0
"2",0.857260473548115,0.287917767518333,0.572589120533224,0.389824765659598
