"","X1","X2","middle","corArray"
"1",0.78705141018325,-0.0630460355212776,0.362002687330986,0
"2",0.784231808794462,-0.0463936584755246,0.368919075159469,0.389824765659598
