"","X1","X2","middle","corArray"
"1",0.490579979983511,-0.224713783438595,0.132933098272458,0
"2",0.530021488988708,-0.194764182437103,0.167628653275803,0.389824765659598
