"","X1","X2","middle","corArray"
"1",0.696467769862901,-0.0390130580256081,0.328727355918647,0
"2",0.722003383645926,0.00269832801757203,0.362350855831749,0.389824765659598
