"","X1","X2","middle","corArray"
"1",0.636065250077243,-0.0946633048477454,0.270700972614749,0
"2",0.614121091871084,-0.102385574688263,0.255867758591411,0.389824765659598
