"","X1","X2","middle","corArray"
"1",0.671836236112948,-0.0854876705149004,0.293174282799024,0
"2",0.66328504694888,-0.0841677396590667,0.289558653644907,0.389824765659598
