"","X1","X2","middle","corArray"
"1",0.784170427916036,0.109460092901405,0.44681526040872,0
"2",0.789102543404145,0.114892815171474,0.451997679287809,0.389824765659598
