"","X1","X2","middle","corArray"
"1",0.598948556959965,-0.142264580238011,0.228341988360977,0
"2",0.63576663090264,-0.116593096179088,0.259586767361776,0.389824765659598
