"","X1","X2","middle","corArray"
"1",0.663630794866255,-0.0619849006187145,0.30082294712377,0
"2",0.666571390882914,-0.05458269723219,0.305994346825362,0.389824765659598
