"","X1","X2","middle","corArray"
"1",0.907475640469863,0.125249556648398,0.51636259855913,0
"2",0.937667194950646,0.102570496035919,0.520118845493283,0.389824765659598
