"","X1","X2","middle","corArray"
"1",0.492514367966072,-0.317242064065715,0.0876361519501783,0
"2",0.565471254956042,-0.23428329549266,0.165593979731691,0.389824765659598
