"","X1","X2","middle","corArray"
"1",0.876641538268088,0.29615001723707,0.586395777752579,0
"2",0.874107968160828,0.280851603897423,0.577479786029125,0.389824765659598
