"","X1","X2","middle","corArray"
"1",0.725440121301649,-0.00369563186363492,0.360872244719007,0
"2",0.749034334640457,0.0221695247782746,0.385601929709366,0.389824765659598
