"","X1","X2","middle","corArray"
"1",0.830256370494593,0.145043674248886,0.48765002237174,0
"2",0.824932118489381,0.14844506535112,0.486688591920251,0.389824765659598
