"","X1","X2","middle","corArray"
"1",0.841175508003427,0.328981886392512,0.58507869719797,0
"2",0.849342909623908,0.373280626155037,0.611311767889473,0.389824765659598
