"","X1","X2","middle","corArray"
"1",0.47184939436213,-0.241598483618597,0.115125455371767,0
"2",0.479022424851098,-0.237576357632002,0.120723033609548,0.389824765659598
