"","X1","X2","middle","corArray"
"1",0.726237396706161,0.0296720518548966,0.377954724280529,0
"2",0.731448292950177,0.0287920461995211,0.380120169574849,0.389824765659598
