"","X1","X2","middle","corArray"
"1",0.645695986096769,-0.0857324491879275,0.279981768454421,0
"2",0.664846807597801,-0.0586428762110849,0.303101965693358,0.389824765659598
