"","X1","X2","middle","corArray"
"1",0.749581076744915,0.112004482829068,0.430792779786992,0
"2",0.758730412979701,0.128383101408617,0.443556757194159,0.389824765659598
