"","X1","X2","middle","corArray"
"1",0.631940060859995,-0.167316924318094,0.23231156827095,0
"2",0.686907220319463,-0.0956992226759628,0.29560399882175,0.389824765659598
