"","X1","X2","middle","corArray"
"1",0.739100615155343,-0.161516422710598,0.288792096222372,0
"2",0.755142502841773,-0.154605551898509,0.300268475471632,0.389824765659598
