"","X1","X2","middle","corArray"
"1",0.579128321836398,-0.182304459314286,0.198411931261056,0
"2",0.642564699180957,-0.153376548245132,0.244594075467912,0.389824765659598
