"","X1","X2","middle","corArray"
"1",0.699327814753694,-0.152577918863749,0.273374947944972,0
"2",0.727477007585794,-0.0997566412215661,0.313860183182114,0.389824765659598
