"","X1","X2","middle","corArray"
"1",0.971597646286127,-0.0615665066201332,0.455015569832997,0
"2",0.946188193548085,-0.0416150539121988,0.452286569817943,0.389824765659598
