"","X1","X2","middle","corArray"
"1",0.867784884083388,0.312635603401134,0.590210243742261,0
"2",0.863361596216699,0.357219252136672,0.610290424176686,0.389824765659598
