"","X1","X2","middle","corArray"
"1",0.716217974070965,-0.167151749703373,0.274533112183796,0
"2",0.721652029291175,-0.166807470575375,0.2774222793579,0.389824765659598
