"","X1","X2","middle","corArray"
"1",0.44709450983767,-0.253197211691676,0.0969486490729972,0
"2",0.480274884334193,-0.218342935293503,0.130965974520345,0.389824765659598
