"","X1","X2","middle","corArray"
"1",0.675307866240544,-0.0665137939934694,0.304397036123537,0
"2",0.682499535974669,-0.0452230575780432,0.318638239198313,0.389824765659598
