"","X1","X2","middle","corArray"
"1",0.671126262815107,-0.283300878126589,0.193912692344259,0
"2",0.708065579697951,-0.210970799501372,0.248547390098289,0.389824765659598
