"","X1","X2","middle","corArray"
"1",0.751429874905628,0.0256509612303768,0.388540418068003,0
"2",0.763040957501441,0.0609930518129618,0.412017004657201,0.389824765659598
