"","X1","X2","middle","corArray"
"1",0.698649890148844,0.0184781165502005,0.358564003349522,0
"2",0.714478621190632,0.0289499019449449,0.371714261567788,0.389824765659598
