"","X1","X2","middle","corArray"
"1",0.845721416164362,0.264445934259263,0.555083675211813,0
"2",0.84872763789657,0.294275924872416,0.571501781384493,0.389824765659598
