"","X1","X2","middle","corArray"
"1",0.54415536114466,-0.214222875212968,0.164966242965846,0
"2",0.522507649427676,-0.208665034719779,0.156921307353949,0.389824765659598
