"","X1","X2","middle","corArray"
"1",0.819320733788874,0.214942834600948,0.517131784194911,0
"2",0.813221902343837,0.201258349131938,0.507240125737887,0.389824765659598
