"","X1","X2","middle","corArray"
"1",0.592701866585982,-0.189507684935157,0.201597090825413,0
"2",0.599687754521109,-0.159079358224523,0.220304198148293,0.389824765659598
