"","X1","X2","middle","corArray"
"1",0.753927946772649,0.0169395772057095,0.385433761989179,0
"2",0.759262144563559,0.0211905171647374,0.390226330864148,0.389824765659598
