"","X1","X2","middle","corArray"
"1",-0.514187478250467,0.225445528166186,-0.14437097504214,0
"2",-0.54850448314216,0.216176629984874,-0.166163926578643,0
