"","X1","X2","middle","corArray"
"1",0.727242898612534,-0.0163705593798478,0.355436169616343,0
"2",0.715915116558234,-0.0329195047974133,0.34149780588041,0.389824765659598
