"","X1","X2","middle","corArray"
"1",0.789285775281577,-0.0405591374565136,0.374363318912531,0
"2",0.804015140816812,-0.00121374903457633,0.401400695891118,0.389824765659598
