"","X1","X2","middle","corArray"
"1",0.825044811610316,0.173922581467191,0.499483696538754,0
"2",0.806584077147719,0.150469222639215,0.478526649893467,0.389824765659598
