"","X1","X2","middle","corArray"
"1",0.955039937850955,-0.132933949724829,0.411052994063063,0
"2",0.954620913781551,-0.103904287179107,0.425358313301222,0.389824765659598
