"","X1","X2","middle","corArray"
"1",0.901824478160328,0.211969511521775,0.556896994841052,0
"2",0.897822704391907,0.211308012308504,0.554565358350206,0.389824765659598
