"","X1","X2","middle","corArray"
"1",0.476189180818784,-0.212026784678087,0.132081198070348,0
"2",0.52146715196543,-0.182273669369984,0.169596741297723,0.389824765659598
