"","X1","X2","middle","corArray"
"1",0.554666104127593,-0.216810463622476,0.168927820252559,0
"2",0.563863377008433,-0.201989695380396,0.180936840814019,0.389824765659598
