"","X1","X2","middle","corArray"
"1",0.663527775407657,-0.0808131461653478,0.291357314621155,0
"2",0.709002641712238,-0.0173862041635112,0.345808218774364,0.389824765659598
