"","X1","X2","middle","corArray"
"1",0.625622126819335,-0.101141704638259,0.262240211090538,0
"2",0.623287458835667,-0.096685285322979,0.263301086756344,0.389824765659598
