"","X1","X2","middle","corArray"
"1",0.564599705299925,-0.273222730951318,0.145688487174303,0
"2",0.567777415455169,-0.264259445491661,0.151758984981754,0.389824765659598
