"","X1","X2","middle","corArray"
"1",0.213938784959405,0.54177085657507,0.377854820767237,0
"2",0.218497911930144,0.563636959015192,0.391067435472668,0.389824765659598
