"","X1","X2","middle","corArray"
"1",0.862091633790136,0.103418188186697,0.482754910988417,0
"2",0.898634663701389,0.166430481460252,0.53253257258082,0.389824765659598
