"","X1","X2","middle","corArray"
"1",0.667507647829913,-0.0592809314248204,0.304113358202546,0
"2",0.665323639075685,-0.0546573570306864,0.3053331410225,0.389824765659598
