"","X1","X2","middle","corArray"
"1",0.801957776675512,0.118600503591383,0.460279140133448,0
"2",0.815594439546316,0.184391883435499,0.499993161490907,0.389824765659598
