"","X1","X2","middle","corArray"
"1",0.759493825944906,0.0980508660135286,0.428772345979217,0
"2",0.772120431068907,0.124681076950981,0.448400754009944,0.389824765659598
