"","X1","X2","middle","corArray"
"1",0.547883944990334,-0.127648069063958,0.210117937963188,0
"2",0.547817342994547,-0.125200229834076,0.211308556580236,0.389824765659598
