"","X1","X2","middle","corArray"
"1",0.621576777195953,-0.224712212119569,0.198432282538192,0
"2",0.641947042224464,-0.178622551849488,0.231662245187488,0.389824765659598
