"","X1","X2","middle","corArray"
"1",0.853620789619362,-0.110652126438844,0.371484331590259,0
"2",0.859819830171699,-0.107863811852947,0.375978009159376,0.389824765659598
