"","X1","X2","middle","corArray"
"1",0.696440137305455,-0.130385139548975,0.28302749887824,0
"2",0.711191423678518,-0.101938089898197,0.30462666689016,0.389824765659598
