"","X1","X2","middle","corArray"
"1",0.762725767398273,-0.03643356227925,0.363146102559512,0
"2",0.772096699116632,-0.00256136750038749,0.384767665808122,0.389824765659598
