"","X1","X2","middle","corArray"
"1",0.436781065819136,-0.275744739524036,0.0805181631475499,0
"2",0.483987973355723,-0.237429652380162,0.123279160487781,0.389824765659598
