"","X1","X2","middle","corArray"
"1",0.61421139205695,-0.0911237389606201,0.261543826548165,0
"2",0.643444277060721,-0.060546930743918,0.291448673158402,0.389824765659598
