"","X1","X2","middle","corArray"
"1",0.737940029184356,0.0468092756410639,0.39237465241271,0
"2",0.76211362253709,0.0722863731423118,0.417199997839701,0.389824765659598
