"","X1","X2","middle","corArray"
"1",0.540921811212249,-0.163873754313638,0.188524028449306,0
"2",0.548031872385967,-0.148724140335722,0.199653866025122,0.389824765659598
