"","X1","X2","middle","corArray"
"1",0.850714033717765,0.182491531481351,0.516602782599558,0
"2",0.848645858156974,0.198129360366198,0.523387609261586,0.389824765659598
