"","X1","X2","middle","corArray"
"1",0.594751072813166,-0.188194572918998,0.203278249947084,0
"2",0.64434249936885,-0.132168756746126,0.256086871311362,0.389824765659598
