"","X1","X2","middle","corArray"
"1",0.631733247312468,-0.107604283271056,0.262064482020706,0
"2",0.623834262175652,-0.112805584792736,0.255514338691458,0.389824765659598
