"","X1","X2","middle","corArray"
"1",0.672064502565657,-0.037181633135195,0.317441434715231,0
"2",0.710554563889768,0.0175878339293555,0.364071198909562,0.389824765659598
