"","X1","X2","middle","corArray"
"1",0.632265209244622,-0.141062558024666,0.245601325609978,0
"2",0.663704191449591,-0.127235527015416,0.268234332217087,0.389824765659598
