"","X1","X2","middle","corArray"
"1",0.822110634641239,0.00901743956878337,0.415564037105011,0
"2",0.875344894743457,0.0353331492142068,0.455339021978832,0.389824765659598
