"","X1","X2","middle","corArray"
"1",0.561363947602479,-0.116431507078204,0.222466220262137,0
"2",0.589798750854396,-0.0923368847599484,0.248730933047224,0.389824765659598
