"","X1","X2","middle","corArray"
"1",0.68834118889164,-0.0339879625592962,0.327176613166172,0
"2",0.673188446315261,-0.054938651892624,0.309124897211318,0.389824765659598
