"","X1","X2","middle","corArray"
"1",0.567221143640144,-0.238589321172088,0.164315911234028,0
"2",0.619111255904405,-0.189833725343466,0.21463876528047,0.389824765659598
