"","X1","X2","middle","corArray"
"1",0.806839238481467,0.175130304906772,0.49098477169412,0
"2",0.819447242640382,0.200986722575819,0.5102169826081,0.389824765659598
