"","X1","X2","middle","corArray"
"1",0.683034045252241,-0.0333430074011953,0.324845518925523,0
"2",0.705525175840604,-0.000391360920666828,0.352566907459968,0.389824765659598
