"","X1","X2","middle","corArray"
"1",0.548492908486418,-0.127190240391586,0.210651334047416,0
"2",0.590128965982895,-0.0934682682434224,0.248330348869736,0.389824765659598
