"","X1","X2","middle","corArray"
"1",0.74299293240076,-0.11415632132442,0.31441830553817,0
"2",0.785846141753068,-0.0794060351722911,0.353220053290389,0.389824765659598
