"","X1","X2","middle","corArray"
"1",0.71483835964181,-0.135733337758709,0.289552510941551,0
"2",0.769581451249299,-0.0478439184750804,0.360868766387109,0.389824765659598
