"","X1","X2","middle","corArray"
"1",0.71430576399775,-0.0519587759934792,0.331173494002136,0
"2",0.706570454058219,-0.0535479565850195,0.3265112487366,0.389824765659598
