"","X1","X2","middle","corArray"
"1",0.753133574216317,0.030313961680634,0.391723767948476,0
"2",0.743326118875064,0.0247050981591033,0.384015608517084,0.389824765659598
