"","X1","X2","middle","corArray"
"1",0.668097254031853,-0.0720412389146897,0.298028007558582,0
"2",0.68154807956382,-0.0540087160266894,0.313769681768565,0.389824765659598
