"","X1","X2","middle","corArray"
"1",0.709269277832556,-0.116879508319683,0.296194884756437,0
"2",0.72389220406116,-0.080759660939573,0.321566271560794,0.389824765659598
