"","X1","X2","middle","corArray"
"1",0.71451824253566,-0.0052785238875272,0.354619859324067,0
"2",0.717737508739485,0.0267749578001998,0.372256233269842,0.389824765659598
