"","X1","X2","middle","corArray"
"1",0.773756586431266,0.142494162829475,0.45812537463037,0
"2",0.793393459973582,0.18727831590444,0.490335887939011,0.389824765659598
