"","X1","X2","middle","corArray"
"1",0.818621302138624,0.222067349338499,0.520344325738561,0
"2",0.817828768901894,0.209905465387552,0.513867117144723,0.389824765659598
