"","X1","X2","middle","corArray"
"1",0.743495707921545,0.0480753167732831,0.395785512347414,0
"2",0.780783736425561,0.0979207809006848,0.439352258663123,0.389824765659598
