"","X1","X2","middle","corArray"
"1",0.761417040760276,0.0137017822449012,0.387559411502589,0
"2",0.797894191616241,0.108228775795194,0.453061483705718,0.389824765659598
