"","X1","X2","middle","corArray"
"1",0.938350878045303,-0.0693046321609278,0.434523122942188,0
"2",0.969590230320605,-0.0395799456274338,0.465005142346586,0.389824765659598
