"","X1","X2","middle","corArray"
"1",0.743458644137783,-0.102817340926522,0.32032065160563,0
"2",0.788892483117698,-0.00695239707054984,0.390970043023574,0.389824765659598
