"","X1","X2","middle","corArray"
"1",0.543663135037362,-0.170594944641827,0.186534095197768,0
"2",0.538778816226969,-0.178327323171563,0.180225746527703,0.389824765659598
