"","X1","X2","middle","corArray"
"1",0.623119130280905,-0.115517159015737,0.253800985632584,0
"2",0.680301535234138,-0.0567456405379801,0.311777947348079,0.389824765659598
