"","X1","X2","middle","corArray"
"1",0.739983674727632,0.076449248483236,0.408216461605434,0
"2",0.768010969844009,0.132081453744167,0.450046211794088,0.389824765659598
