"","X1","X2","middle","corArray"
"1",0.659785668290456,-0.132152258855637,0.263816704717409,0
"2",0.698810171143719,-0.0600295958437982,0.319390287649961,0.389824765659598
