"","X1","X2","middle","corArray"
"1",0.753415211185601,0.0410322728650784,0.39722374202534,0
"2",0.782578975712487,0.106807486779814,0.444693231246151,0.389824765659598
