"","X1","X2","middle","corArray"
"1",0.672606463023806,-0.078179470544559,0.297213496239623,0
"2",0.698569063633119,-0.0550194378999964,0.321774812866561,0.389824765659598
