"","X1","X2","middle","corArray"
"1",0.899977812692233,0.0244965902163533,0.462237201454293,0
"2",0.889408103745274,0.0405071050500984,0.464957604397686,0.389824765659598
