"","X1","X2","middle","corArray"
"1",0.753019833746155,0.10437277887271,0.428696306309432,0
"2",0.793395560477102,0.192701307903416,0.493048434190259,0.389824765659598
