"","X1","X2","middle","corArray"
"1",0.866121227482386,0.193467484376209,0.529794355929298,0
"2",0.86541860286071,0.209604459739083,0.537511531299897,0.389824765659598
