"","X1","X2","middle","corArray"
"1",0.717406528906004,-0.109376246287369,0.304015141309318,0
"2",0.736587039802908,-0.111437797776721,0.312574621013093,0.389824765659598
