"","X1","X2","middle","corArray"
"1",0.739573221383983,-0.0397592650883727,0.349906978147805,0
"2",0.761773002163642,-0.00129294760868615,0.380240027277478,0.389824765659598
