"","X1","X2","middle","corArray"
"1",0.578183290421457,-0.13836237010592,0.219910460157769,0
"2",0.583233506700895,-0.13852199752564,0.222355754587627,0.389824765659598
