"","X1","X2","middle","corArray"
"1",0.799150463181261,0.169893244922943,0.484521854052102,0
"2",0.810662707883654,0.224044133793993,0.517353420838823,0.389824765659598
