"","X1","X2","middle","corArray"
"1",0.53913590513117,-0.170892811690318,0.184121546720426,0
"2",0.56078840108315,-0.159492119901273,0.200648140590939,0.389824765659598
