"","X1","X2","middle","corArray"
"1",0.852045418333052,0.311049175504335,0.581547296918693,0
"2",0.863611386455917,0.341338542900517,0.602474964678217,0.389824765659598
