"","X1","X2","middle","corArray"
"1",0.480451921833431,-0.202824943915764,0.138813488958834,0
"2",0.499922227535492,-0.182935841321754,0.158493193106869,0.389824765659598
