"","X1","X2","middle","corArray"
"1",0.686876599406939,-0.0697897930043875,0.308543403201276,0
"2",0.716848656900857,-0.0243677880663676,0.346240434417245,0.389824765659598
