"","X1","X2","middle","corArray"
"1",0.844257241085408,-0.00253004210700891,0.4208635994892,0
"2",0.873795664275555,0.041774021283949,0.457784842779752,0.389824765659598
