"","X1","X2","middle","corArray"
"1",0.709000924407148,-0.0649761957168938,0.322012364345127,0
"2",0.747199863545711,-0.0106235052011543,0.368288179172278,0.389824765659598
