"","X1","X2","middle","corArray"
"1",0.84367746555853,0.0268621940479526,0.435269829803241,0
"2",0.856411322733678,0.0242422013522218,0.44032676204295,0.389824765659598
