"","X1","X2","middle","corArray"
"1",0.644811890746667,-0.0792361633986074,0.28278786367403,0
"2",0.661671783626167,-0.0676995066313418,0.296986138497413,0.389824765659598
