"","X1","X2","middle","corArray"
"1",0.671804276367168,-0.105251639712283,0.283276318327443,0
"2",0.719975541852715,-0.0586604071814971,0.330657567335609,0.389824765659598
