"","X1","X2","middle","corArray"
"1",0.564763519174447,-0.127913046046394,0.218425236564026,0
"2",0.595376155097263,-0.0998742529053852,0.247750951095939,0.389824765659598
