"","X1","X2","middle","corArray"
"1",0.919048684702422,0.0167680786746955,0.467908381688559,0
"2",0.95939668410414,0.0656169147098762,0.512506799407008,0.389824765659598
