"","X1","X2","middle","corArray"
"1",0.514776827838558,-0.178865666738888,0.167955580549835,0
"2",0.519369307181923,-0.173970907906614,0.172699199637655,0.389824765659598
