"","X1","X2","middle","corArray"
"1",0.767129231629603,0.105554915843438,0.43634207373652,0
"2",0.771962483882733,0.0997251957809183,0.435843839831826,0.389824765659598
