"","X1","X2","middle","corArray"
"1",0.55040327736838,-0.265381054331377,0.142511111518502,0
"2",0.595304776037016,-0.204069849779048,0.195617463128984,0.389824765659598
