"","X1","X2","middle","corArray"
"1",0.805216817498913,0.063519221685101,0.434368019592007,0
"2",0.84436228926968,0.106435515012407,0.475398902141043,0.389824765659598
