"","X1","X2","middle","corArray"
"1",0.320083295908406,-0.347960068153611,-0.0139383861226026,0
"2",0.366972086104586,-0.307091264765677,0.0299404106694541,0.389824765659598
