"","X1","X2","middle","corArray"
"1",0.649952370455042,-0.0923558436781164,0.278798263388463,0
"2",0.62803988628912,-0.110873167222273,0.258583359533424,0.389824765659598
