"","X1","X2","middle","corArray"
"1",0.633525981800789,-0.0761281155785671,0.278698933111111,0
"2",0.653085703345239,-0.0586810494109817,0.297202326967129,0.389824765659598
