"","X1","X2","middle","corArray"
"1",0.784875429417961,-0.00258706310035528,0.391144183158803,0
"2",0.821494798092653,0.0266661481464827,0.424080473119568,0.389824765659598
