"","X1","X2","middle","corArray"
"1",0.787200334992957,0.0734599861509128,0.430330160571935,0
"2",0.796746784916414,0.0976413724735478,0.447194078694981,0.389824765659598
