"","X1","X2","middle","corArray"
"1",0.73071408297724,-0.114428461172405,0.308142810902418,0
"2",0.716719662653503,-0.0848270448145212,0.315946308919491,0.389824765659598
