"","X1","X2","middle","corArray"
"1",0.69731651927272,-0.151059631564169,0.273128443854275,0
"2",0.714650671113092,-0.155061185632041,0.279794742740525,0.389824765659598
