"","X1","X2","middle","corArray"
"1",0.799976109134655,0.131532976027681,0.465754542581168,0
"2",0.800273062493141,0.133253719718487,0.466763391105814,0.389824765659598
