"","X1","X2","middle","corArray"
"1",0.809198860276527,-0.101671414188583,0.353763723043972,0
"2",0.804932305093934,-0.0908553363639664,0.357038484364984,0.389824765659598
