"","X1","X2","middle","corArray"
"1",0.68320617849872,-0.0894803100544394,0.29686293422214,0
"2",0.698844497493477,-0.0747553316109608,0.312044582941258,0.389824765659598
