"","X1","X2","middle","corArray"
"1",0.629509751390007,-0.123231080773862,0.253139335308072,0
"2",0.630843226004656,-0.111593718075621,0.259624753964518,0.389824765659598
