"","X1","X2","middle","corArray"
"1",0.698979999870617,-0.00416369867993133,0.347408150595343,0
"2",0.68199637608699,-0.026927908821,0.327534233632995,0.389824765659598
