"","X1","X2","middle","corArray"
"1",0.792217440813171,-0.0230415659334786,0.384587937439846,0
"2",0.794087703696314,-0.0144677812674066,0.389809961214454,0.389824765659598
