"","X1","X2","middle","corArray"
"1",0.633086800663057,-0.110773341730654,0.261156729466201,0
"2",0.646056721651532,-0.107647941940145,0.269204389855694,0.389824765659598
