"","X1","X2","middle","corArray"
"1",0.716465811690533,0.0187045758617512,0.367585193776142,0
"2",0.739158094470094,0.0497496142815536,0.394453854375824,0.389824765659598
