"","X1","X2","middle","corArray"
"1",0.643172582553358,-0.185926639206128,0.228622971673615,0
"2",0.656927306630055,-0.183827845356648,0.236549730636704,0.389824765659598
