"","X1","X2","middle","corArray"
"1",0.698101592133873,-0.00838116612135509,0.344860213006259,0
"2",0.732718049828573,0.0347473452888516,0.383732697558712,0.389824765659598
