"","X1","X2","middle","corArray"
"1",0.653962196148408,-0.0896989117418199,0.282131642203294,0
"2",0.683322984751368,-0.0544877286249198,0.314417628063224,0.389824765659598
