"","X1","X2","middle","corArray"
"1",0.817644940163125,0.13614274084068,0.476893840501902,0
"2",0.82962824654877,0.185973290850181,0.507800768699476,0.389824765659598
