"","X1","X2","middle","corArray"
"1",0.425341490009392,-0.226171314257731,0.0995850878758306,0
"2",0.479923033109687,-0.206184216010112,0.136869408549788,0.389824765659598
