"","X1","X2","middle","corArray"
"1",0.877945297934885,0.324703757583386,0.601324527759135,0
"2",0.8714894586338,0.352931675188466,0.612210566911133,0.389824765659598
