"","X1","X2","middle","corArray"
"1",0.665539274297543,-0.0678999560811356,0.298819659108204,0
"2",0.678000950716793,-0.0579108154731368,0.310045067621828,0.389824765659598
