"","X1","X2","middle","corArray"
"1",0.912913067251532,0.22613115215673,0.569522109704131,0
"2",0.903797580437783,0.274425016726119,0.589111298581951,0.389824765659598
