"","X1","X2","middle","corArray"
"1",0.716438516127861,-0.00118146702611638,0.357628524550872,0
"2",0.718110243054067,-0.000750553102367713,0.358679844975849,0.389824765659598
