"","X1","X2","middle","corArray"
"1",0.83164528793895,-0.0587347519689382,0.386455267985006,0
"2",0.862529943981338,-0.026278171428727,0.418125886276305,0.389824765659598
