"","X1","X2","middle","corArray"
"1",0.816487853779857,-0.11413316845737,0.351177342661244,0
"2",0.85843080799298,-0.050934459619408,0.403748174186786,0.389824765659598
