"","X1","X2","middle","corArray"
"1",0.643420545763868,-0.0985014650435592,0.272459540360155,0
"2",0.670518073365909,-0.0884781806988988,0.291019946333505,0.389824765659598
