"","X1","X2","middle","corArray"
"1",0.808995919788061,0.0804367966917441,0.444716358239902,0
"2",0.821553679953685,0.0735163097361077,0.447534994844896,0.389824765659598
