"","X1","X2","middle","corArray"
"1",0.625638959859347,-0.14771784677924,0.238960556540053,0
"2",0.637882569439066,-0.135902526784736,0.250990021327165,0.389824765659598
