"","X1","X2","middle","corArray"
"1",0.750459832536388,0.0919110956642337,0.421185464100311,0
"2",0.77920944219161,0.120465123878083,0.449837283034847,0.389824765659598
