"","X1","X2","middle","corArray"
"1",0.734535877554141,-0.095558371703813,0.319488752925164,0
"2",0.771455380703958,-0.0615949622221263,0.354930209240916,0.389824765659598
