"","X1","X2","middle","corArray"
"1",0.599736318610583,-0.220159558640983,0.1897883799848,0
"2",0.68335888024538,-0.204345229071289,0.239506825587046,0.389824765659598
