"","X1","X2","middle","corArray"
"1",0.62789630757934,-0.157646225870336,0.235125040854502,0
"2",0.673954594132361,-0.11090827959539,0.281523157268486,0.389824765659598
