"","X1","X2","middle","corArray"
"1",0.692210541791789,-0.0737631640105707,0.309223688890609,0
"2",0.723170858060739,-0.0157169944199406,0.353726931820399,0.389824765659598
