"","X1","X2","middle","corArray"
"1",0.847621197576098,0.373913674925125,0.610767436250611,0
"2",0.844986849775687,0.386725388422431,0.615856119099059,0.389824765659598
