"","X1","X2","middle","corArray"
"1",0.754604658323001,-0.021688376207362,0.36645814105782,0
"2",0.771937089581014,0.00352122043946468,0.387729155010239,0.389824765659598
