"","X1","X2","middle","corArray"
"1",0.647349420448005,-0.132948742139904,0.25720033915405,0
"2",0.685461129589997,-0.114381391695903,0.285539868947047,0.389824765659598
