"","X1","X2","middle","corArray"
"1",0.455483876561406,-0.297430311831584,0.079026782364911,0
"2",0.529897916764757,-0.253597626819697,0.13815014497253,0.389824765659598
