"","X1","X2","middle","corArray"
"1",0.771846320753817,-0.102225050390379,0.334810635181719,0
"2",0.788012995162828,-0.107035140820539,0.340488927171145,0.389824765659598
