"","X1","X2","middle","corArray"
"1",0.663557396818051,-0.12618508444939,0.268686156184331,0
"2",0.665788927920032,-0.0993024913310824,0.283243218294475,0.389824765659598
