"","X1","X2","middle","corArray"
"1",0.773261732375988,-0.106173420562477,0.333544155906755,0
"2",0.829179622411443,-0.038396227614252,0.395391697398595,0.389824765659598
