"","X1","X2","middle","corArray"
"1",0.69134367001115,-0.102649247737954,0.294347211136598,0
"2",0.704265392646566,-0.0848858930059625,0.309689749820302,0.389824765659598
