"","X1","X2","middle","corArray"
"1",0.851184759267157,0.0636472564615022,0.45741600786433,0
"2",0.855745754492718,0.108057659134526,0.481901706813622,0.389824765659598
