"","X1","X2","middle","corArray"
"1",0.767664281363296,0.0332314770685461,0.400447879215921,0
"2",0.805879506144263,0.0651338560370532,0.435506681090658,0.389824765659598
