"","X1","X2","middle","corArray"
"1",0.489706449426772,-0.214018902165648,0.137843773630562,0
"2",0.541910258225212,-0.214024411625343,0.163942923299934,0.389824765659598
