"","X1","X2","middle","corArray"
"1",0.64287033243476,-0.100961037829913,0.270954647302423,0
"2",0.639670959510846,-0.110658674209444,0.264506142650701,0.389824765659598
