"","X1","X2","middle","corArray"
"1",0.749005659665339,-0.0421788678773315,0.353413395894004,0
"2",0.786989956732953,0.0315814796345641,0.409285718183758,0.389824765659598
