"","X1","X2","middle","corArray"
"1",0.51633429104211,-0.171164243321334,0.172585023860388,0
"2",0.564738991260238,-0.122653517523256,0.221042736868491,0.389824765659598
