"","X1","X2","middle","corArray"
"1",0.673531168315973,-0.0552040896737945,0.309163539321089,0
"2",0.664447482682848,-0.0635933816614341,0.300427050510707,0.389824765659598
