"","X1","X2","middle","corArray"
"1",0.811617484472225,0.192246125094722,0.501931804783474,0
"2",0.81453644705278,0.195680516077729,0.505108481565255,0.389824765659598
