"","X1","X2","middle","corArray"
"1",0.686900462387597,-0.207780798228883,0.239559832079357,0
"2",0.709946825765974,-0.196103550878373,0.256921637443801,0.389824765659598
