"","X1","X2","middle","corArray"
"1",0.871819452929986,-0.135497060655626,0.36816119613718,0
"2",0.91422429937706,-0.112259822841731,0.400982238267664,0.389824765659598
