"","X1","X2","middle","corArray"
"1",0.680944086743109,-0.0478761901117016,0.316533948315704,0
"2",0.709388418263195,-0.0027047909138444,0.353341813674675,0.389824765659598
