"","X1","X2","middle","corArray"
"1",0.814932470800116,0.144313765770158,0.479623118285137,0
"2",0.824727468038564,0.141788914931723,0.483258191485143,0.389824765659598
