"","X1","X2","middle","corArray"
"1",0.77891615054086,-0.0256855219671427,0.376615314286859,0
"2",0.794371822942751,-0.00912985837861263,0.392620982282069,0.389824765659598
