"","X1","X2","middle","corArray"
"1",0.783966570243414,0.0110862718621684,0.397526421052791,0
"2",0.793380084592191,0.0525917049435338,0.422985894767862,0.389824765659598
