"","X1","X2","middle","corArray"
"1",0.587091641657366,-0.211451997004924,0.187819822326221,0
"2",0.621471480241736,-0.188989240895755,0.21624111967299,0.389824765659598
