"","X1","X2","middle","corArray"
"1",0.668619984640712,-0.187165648081846,0.240727168279433,0
"2",0.719273778977138,-0.151895016801118,0.28368938108801,0.389824765659598
