"","X1","X2","middle","corArray"
"1",0.627237120132487,-0.0753135071260148,0.275961806503236,0
"2",0.602720035308411,-0.0919570991386086,0.255381468084901,0.389824765659598
