"","X1","X2","middle","corArray"
"1",0.834332909622872,0.36629192283698,0.600312416229926,0
"2",0.84548200735656,0.409593096983862,0.627537552170211,0.389824765659598
