"","X1","X2","middle","corArray"
"1",0.514639564419913,-0.177686926613718,0.168476318903097,0
"2",0.550813246605219,-0.150005288878452,0.200403978863384,0.389824765659598
