"","X1","X2","middle","corArray"
"1",0.819238667697805,-0.215492986817353,0.301872840440226,0
"2",0.834718589878298,-0.218460960025875,0.308128814926211,0.389824765659598
