"","X1","X2","middle","corArray"
"1",0.665110943723644,-0.0480414003058632,0.30853477170889,0
"2",0.659094109286569,-0.053027607223116,0.303033251031727,0.389824765659598
