"","X1","X2","middle","corArray"
"1",0.612157758275299,-0.173606417065751,0.219275670604774,0
"2",0.655921015069266,-0.120421318527322,0.267749848270972,0.389824765659598
