"","X1","X2","middle","corArray"
"1",0.78648536492379,-0.0794933383524459,0.353496013285672,0
"2",0.799753874197593,-0.0462196496201636,0.376767112288715,0.389824765659598
