"","X1","X2","middle","corArray"
"1",0.749433954529618,0.0513542324125309,0.400394093471074,0
"2",0.787038327679788,0.133127738620022,0.460083033149905,0.389824765659598
