"","X1","X2","middle","corArray"
"1",0.623248882841901,-0.139468243594114,0.241890319623894,0
"2",0.64300025750639,-0.110569692633436,0.266215282436477,0.389824765659598
