"","X1","X2","middle","corArray"
"1",0.659683277138068,-0.0483491465405823,0.305667065298743,0
"2",0.62093873245626,-0.0834049219989346,0.268766905228663,0.389824765659598
