"","X1","X2","middle","corArray"
"1",0.577846793210821,-0.166943942626904,0.205451425291958,0
"2",0.532988781289963,-0.180091443310411,0.176448668989776,0.389824765659598
