"","X1","X2","middle","corArray"
"1",0.755869794780135,0.791295620838453,0.773582707809294,0
"2",0.715232360429037,0.786048984239427,0.750640672334232,0.191125694618226
"3",0.672124553898068,0.785696376299599,0.728910465098834,0.338140473806769
"4",0.62645449781104,0.78911979340797,0.707787145609505,0.428141818211595
"5",0.578028631953688,0.795704680030051,0.686866655991869,0.473627495064799
