"","X1","X2","middle","corArray"
"1",0.793300425809501,-0.04725376174058,0.373023332034461,0
"2",0.853547462533877,-0.0230060386908878,0.415270711921495,0.389824765659598
