"","X1","X2","middle","corArray"
"1",0.775784723077561,0.114395961574538,0.44509034232605,0
"2",0.783219071301972,0.131507258648368,0.45736316497517,0.389824765659598
