"","X1","X2","middle","corArray"
"1",0.659298761847141,-0.0463863473526531,0.306456207247244,0
"2",0.654758359597821,-0.0487891899047296,0.302984584846546,0.389824765659598
