"","X1","X2","middle","corArray"
"1",0.936026533657832,0.0698444149186953,0.502935474288264,0
"2",0.937732723753013,0.112642286423952,0.525187505088482,0.389824765659598
