"","X1","X2","middle","corArray"
"1",0.679204316149324,-0.0560460211875801,0.311579147480872,0
"2",0.707797332297244,-0.0395681728326164,0.334114579732314,0.389824765659598
