"","X1","X2","middle","corArray"
"1",0.686439488566775,-0.111811427195566,0.287314030685605,0
"2",0.690219871239516,-0.104071006252333,0.293074432493591,0.389824765659598
