"","X1","X2","middle","corArray"
"1",0.822248706403727,-0.0109765130393998,0.405636096682164,0
"2",0.820299644622422,0.00181511820857561,0.411057381415499,0.389824765659598
