"","X1","X2","middle","corArray"
"1",0.729963059701023,0.029764300041469,0.379863679871246,0
"2",0.762362487913725,0.082599994302464,0.422481241108095,0.389824765659598
