"","X1","X2","middle","corArray"
"1",0.652215760667745,-0.215118959133993,0.218548400766876,0
"2",0.763698003914664,-0.167986513131703,0.297855745391481,0.389824765659598
