"","X1","X2","middle","corArray"
"1",0.805180629220073,0.105951341612302,0.455565985416187,0
"2",0.805575202863946,0.123380097419541,0.464477650141744,0.389824765659598
