"","X1","X2","middle","corArray"
"1",0.784565985542283,0.110700481206499,0.447633233374391,0
"2",0.797209824198774,0.16306114786001,0.480135486029392,0.389824765659598
