"","X1","X2","middle","corArray"
"1",0.427240450557397,-0.273311487866892,0.0769644813452521,0
"2",0.490218832090414,-0.254239517472519,0.117989657308947,0.389824765659598
