"","X1","X2","middle","corArray"
"1",0.457738052748283,-0.204469279109775,0.126634386819254,0
"2",0.448577454408156,-0.201642244329041,0.123467605039558,0.389824765659598
