"","X1","X2","middle","corArray"
"1",0.642941835281928,-0.239261627820355,0.201840103730787,0
"2",0.679226090561754,-0.159758097437715,0.259733996562019,0.389824765659598
