"","X1","X2","middle","corArray"
"1",0.661935179259674,-0.0843443073383744,0.28879543596065,0
"2",0.71530461066642,-0.0142178439478176,0.350543383359301,0.389824765659598
