"","X1","X2","middle","corArray"
"1",0.619466571868905,-0.197227637463609,0.211119467202648,0
"2",0.642008222866373,-0.180409633406232,0.230799294730071,0.389824765659598
