"","X1","X2","middle","corArray"
"1",0.864382109937468,0.114454197571224,0.489418153754346,0
"2",0.87030160636384,0.137123766567415,0.503712686465628,0.389824765659598
