"","X1","X2","middle","corArray"
"1",0.562091229841966,-0.185454720549901,0.188318254646032,0
"2",0.596044147833416,-0.145383244588554,0.225330451622431,0.389824765659598
