"","X1","X2","middle","corArray"
"1",0.861256613838969,0.258874477054077,0.560065545446523,0
"2",0.86594325037197,0.301825916980378,0.583884583676174,0.389824765659598
