"","X1","X2","middle","corArray"
"1",0.690270427109004,-0.0986512183622613,0.295809604373371,0
"2",0.720839058788835,-0.0747172785616473,0.323060890113594,0.389824765659598
