"","X1","X2","middle","corArray"
"1",0.692595342777935,-0.250522065594385,0.221036638591775,0
"2",0.686231962711408,-0.228846697074179,0.228692632818615,0.389824765659598
