"","X1","X2","middle","corArray"
"1",0.158897471143843,0.770738051877097,0.46481776151047,0
"2",0.18367622748349,0.769897678497627,0.476786952990559,0.389824765659598
