"","X1","X2","middle","corArray"
"1",0.793219028607152,0.19784284463582,0.495530936621486,0
"2",0.815042195629008,0.272616541953337,0.543829368791173,0.389824765659598
