"","X1","X2","middle","corArray"
"1",0.634302353011018,-0.307276992248482,0.163512680381268,0
"2",0.676971642407416,-0.275230348743544,0.200870646831936,0.389824765659598
