"","X1","X2","middle","corArray"
"1",0.67365359795356,-0.088562152555501,0.292545722699029,0
"2",0.729484421832509,-0.0533513028350351,0.338066559498737,0.389824765659598
