"","X1","X2","middle","corArray"
"1",0.558074652718239,-0.159485911203731,0.199294370757254,0
"2",0.596267361834267,-0.148394285434109,0.223936538200079,0.389824765659598
