"","X1","X2","middle","corArray"
"1",0.864606902314994,-0.03338543775467,0.415610732280162,0
"2",0.812481706595073,-0.00890056134740769,0.401790572623832,0.389824765659598
