"","X1","X2","middle","corArray"
"1",0.431096640237498,-0.245856525049891,0.0926200575938034,0
"2",0.457119281254491,-0.229891273577868,0.113614003838312,0.389824765659598
