"","X1","X2","middle","corArray"
"1",0.6619900818802,-0.171681495374839,0.24515429325268,0
"2",0.71156609270644,-0.162841523767981,0.27436228446923,0.389824765659598
