"","X1","X2","middle","corArray"
"1",0.812777579893651,0.30246009563771,0.557618837765681,0
"2",0.808051451965543,0.287951201544833,0.548001326755188,0.389824765659598
