"","X1","X2","middle","corArray"
"1",0.697575124261613,-0.112829345303422,0.292372889479095,0
"2",0.765087624274867,-0.0949934130856608,0.335047105594603,0.389824765659598
