"","X1","X2","middle","corArray"
"1",0.829410399951174,0.00682106960722606,0.4181157347792,0
"2",0.868082942747578,0.0433273713444364,0.455705157046007,0.389824765659598
