"","X1","X2","middle","corArray"
"1",0.827120798051056,0.0491952540823983,0.438158026066727,0
"2",0.834955561194981,0.0943120375372618,0.464633799366121,0.389824765659598
