"","X1","X2","middle","corArray"
"1",0.709513894757041,-0.101919655178673,0.303797119789184,0
"2",0.712994339086222,-0.083482401612208,0.314755968737007,0.389824765659598
