"","X1","X2","middle","corArray"
"1",0.774054415109288,-0.104602511185488,0.3347259519619,0
"2",0.777145241154388,-0.105253557015083,0.335945842069653,0.389824765659598
