"","X1","X2","middle","corArray"
"1",0.648950083307037,-0.125286672526042,0.261831705390497,0
"2",0.694145390899439,-0.0643820164430736,0.314881687228183,0.389824765659598
