"","X1","X2","middle","corArray"
"1",0.714930906588887,-0.0695621712034987,0.322684367692694,0
"2",0.716124252351224,-0.0672645244931917,0.324429863929016,0.389824765659598
