"","X1","X2","middle","corArray"
"1",0.83485561504486,0.214630820319051,0.524743217681956,0
"2",0.839488992112199,0.222222212673501,0.53085560239285,0.389824765659598
