"","X1","X2","middle","corArray"
"1",0.553970796823042,-0.221006009773117,0.166482393524963,0
"2",0.592554460261122,-0.169548199195815,0.211503130532653,0.389824765659598
