"","X1","X2","middle","corArray"
"1",0.86959556326618,0.262934031456568,0.566264797361374,0
"2",0.863558559663868,0.274343475789875,0.568951017726872,0.389824765659598
