"","X1","X2","middle","corArray"
"1",0.84772264493487,0.0644142710563462,0.456068457995608,0
"2",0.862533979025808,0.106126347064976,0.484330163045392,0.389824765659598
