"","X1","X2","middle","corArray"
"1",0.637103697875273,-0.093530786746699,0.271786455564287,0
"2",0.623783403431305,-0.0989181844547316,0.262432609488287,0.389824765659598
