"","X1","X2","middle","corArray"
"1",0.467209403748685,-0.221745238425062,0.122732082661812,0
"2",0.501962779644867,-0.19362172472938,0.154170527457744,0.389824765659598
