"","X1","X2","middle","corArray"
"1",0.746106183648548,-0.0888390006261214,0.328633591511213,0
"2",0.733671635097263,-0.10499247613395,0.314339579481656,0.389824765659598
