"","X1","X2","middle","corArray"
"1",0.869342155196796,0.194363333939257,0.531852744568026,0
"2",0.853235719361406,0.209492298029873,0.531364008695639,0.389824765659598
