"","X1","X2","middle","corArray"
"1",0.760757954335067,-0.00197665752678916,0.379390648404139,0
"2",0.78208472459061,0.0870522423373635,0.434568483463987,0.389824765659598
