"","X1","X2","middle","corArray"
"1",0.334116704549417,-0.281079978940101,0.0265183628046579,0
"2",0.346627090304804,-0.268937837160344,0.03884462657223,0.389824765659598
