"","X1","X2","middle","corArray"
"1",0.58550176690526,-0.153305663234264,0.216098051835498,0
"2",0.622789507964027,-0.144235602872514,0.239276952545756,0.389824765659598
