"","X1","X2","middle","corArray"
"1",0.582359186044383,-0.132423500689703,0.22496784267734,0
"2",0.584328927797068,-0.121454725032026,0.231437101382521,0.389824765659598
