"","X1","X2","middle","corArray"
"1",0.54909938959808,-0.134664940366446,0.207217224615817,0
"2",0.579320396862636,-0.116508509543419,0.231405943659609,0.389824765659598
