"","X1","X2","middle","corArray"
"1",0.754265689106749,0.00077473907992015,0.377520214093334,0
"2",0.756435893119069,0.0256407560973037,0.391038324608186,0.389824765659598
