"","X1","X2","middle","corArray"
"1",0.828241054912109,0.137201409337159,0.482721232124634,0
"2",0.843049267610535,0.168374641238992,0.505711954424764,0.389824765659598
