"","X1","X2","middle","corArray"
"1",0.587809780266285,-0.193918386551691,0.196945696857297,0
"2",0.660268864704597,-0.101422244228927,0.279423310237835,0.389824765659598
