"","X1","X2","middle","corArray"
"1",0.752252264311444,0.0258746713273692,0.389063467819406,0
"2",0.788797869860792,0.0634344172301525,0.426116143545472,0.389824765659598
