"","X1","X2","middle","corArray"
"1",0.777999722478902,0.0115330032632366,0.394766362871069,0
"2",0.780276649959782,0.0343233439036538,0.407299996931718,0.389824765659598
