"","X1","X2","middle","corArray"
"1",0.838508026821461,0.112090399317804,0.475299213069633,0
"2",0.841785444051281,0.123279260813251,0.482532352432266,0.389824765659598
