"","X1","X2","middle","corArray"
"1",0.799807137965297,0.145963091129707,0.472885114547502,0
"2",0.81216833016638,0.180607811541948,0.496388070854164,0.389824765659598
