"","X1","X2","middle","corArray"
"1",0.893814985498951,0.150599459378213,0.522207222438582,0
"2",0.916608435173789,0.159492840060655,0.538050637617222,0.389824765659598
