"","X1","X2","middle","corArray"
"1",0.646944131046093,-0.113701294281886,0.266621418382104,0
"2",0.711342087421214,-0.066643292634752,0.322349397393231,0.389824765659598
