"","X1","X2","middle","corArray"
"1",0.483277300715214,-0.219487080249229,0.131895110232993,0
"2",0.470497173688626,-0.221349765700966,0.12457370399383,0.389824765659598
