"","X1","X2","middle","corArray"
"1",0.597084899096495,-0.101051404504352,0.248016747296071,0
"2",0.617844742850977,-0.0767147267595473,0.270565008045715,0.389824765659598
