"","X1","X2","middle","corArray"
"1",0.290342770958932,0.664760070970952,0.477551420964942,0
"2",0.318759463825568,0.674308012681768,0.496533738253668,0.389824765659598
