"","X1","X2","middle","corArray"
"1",0.722878509485527,0.037079136664572,0.37997882307505,0
"2",0.765184326888802,0.105046534630403,0.435115430759603,0.389824765659598
