"","X1","X2","middle","corArray"
"1",0.585796777448637,-0.155726194498354,0.215035291475142,0
"2",0.643274806759657,-0.124638516091572,0.259318145334043,0.389824765659598
