"","X1","X2","middle","corArray"
"1",0.806221500610217,-0.0549884863058809,0.375616507152168,0
"2",0.801654840121926,-0.0441375029308114,0.378758668595557,0.389824765659598
