"","X1","X2","middle","corArray"
"1",0.736546642731778,-0.00647218059364868,0.365037231069065,0
"2",0.770943824645898,0.0296655951787693,0.400304709912334,0.389824765659598
