"","X1","X2","middle","corArray"
"1",0.709824211702992,0.0356343102550847,0.372729260979038,0
"2",0.711552647816733,0.0373990030543461,0.37447582543554,0.389824765659598
