"","X1","X2","middle","corArray"
"1",0.814845650284268,0.0224828087165004,0.418664229500384,0
"2",0.829673520401159,0.0254531658711469,0.427563343136153,0.389824765659598
