"","X1","X2","middle","corArray"
"1",0.347746805745748,-0.275463915318122,0.0361414452138128,0
"2",0.393154965927616,-0.257608029611342,0.0677734681581368,0.389824765659598
