"","X1","X2","middle","corArray"
"1",0.684295169167306,-0.0460689388526432,0.319113115157332,0
"2",0.687828246699196,-0.040419453709087,0.323704396495055,0.389824765659598
