"","X1","X2","middle","corArray"
"1",0.617361539151968,-0.156068815637617,0.230646361757175,0
"2",0.655908070264414,-0.124176709488056,0.265865680388179,0.389824765659598
