"","X1","X2","middle","corArray"
"1",0.516716717399732,-0.259376201447525,0.128670257976103,0
"2",0.584208701691575,-0.210530337601373,0.186839182045101,0.389824765659598
