"","X1","X2","middle","corArray"
"1",0.613436710664013,-0.207554323412333,0.20294119362584,0
"2",0.662921321277678,-0.186631356340199,0.23814498246874,0.389824765659598
