"","X1","X2","middle","corArray"
"1",0.913128542335897,0.0598466542151829,0.48648759827554,0
"2",0.898345225106363,0.100224684714849,0.499284954910606,0.389824765659598
