"","X1","X2","middle","corArray"
"1",0.750465688598696,0.00757215589673726,0.379018922247716,0
"2",0.755342491890976,0.0237452539285519,0.389543872909764,0.389824765659598
