"","X1","X2","middle","corArray"
"1",0.654274693666463,-0.0460653161197947,0.304104688773334,0
"2",0.673682414987827,-0.0207595181512036,0.326461448418312,0.389824765659598
