"","X1","X2","middle","corArray"
"1",0.510595522087995,-0.181280678015045,0.164657422036475,0
"2",0.517083397126595,-0.16876171378428,0.174160841671158,0.389824765659598
