"","X1","X2","middle","corArray"
"1",0.770612155186877,0.0167257108223956,0.393668933004636,0
"2",0.791588827902745,0.0598330036787088,0.425710915790727,0.389824765659598
