"","X1","X2","middle","corArray"
"1",0.764021226535471,0.113731581594941,0.438876404065206,0
"2",0.770476630515912,0.147363504429176,0.458920067472544,0.389824765659598
