"","X1","X2","middle","corArray"
"1",0.852801212043977,0.224092631401884,0.538446921722931,0
"2",0.866869053993374,0.266505549232646,0.56668730161301,0.389824765659598
