"","X1","X2","middle","corArray"
"1",0.804061543362676,0.126062565295183,0.46506205432893,0
"2",0.795870070827312,0.121123358734687,0.458496714780999,0.389824765659598
