"","X1","X2","middle","corArray"
"1",0.470150799559219,-0.286318367484647,0.0919162160372862,0
"2",0.50496528106293,-0.270058825212169,0.11745322792538,0.389824765659598
