"","X1","X2","middle","corArray"
"1",0.64968404724365,-0.139503834190621,0.255090106526514,0
"2",0.64313291392083,-0.13312345006617,0.25500473192733,0.389824765659598
