"","X1","X2","middle","corArray"
"1",0.714133483205034,-0.150279630516572,0.281926926344231,0
"2",0.705559432532328,-0.170482435989266,0.267538498271531,0.389824765659598
