"","X1","X2","middle","corArray"
"1",0.773849508459375,-0.0259367395232082,0.373956384468083,0
"2",0.802800522849519,0.017282089043647,0.410041305946583,0.389824765659598
