"","X1","X2","middle","corArray"
"1",0.577264018925523,-0.129171708750439,0.224046155087542,0
"2",0.653912622880136,-0.0595171309978169,0.29719774594116,0.389824765659598
