"","X1","X2","middle","corArray"
"1",0.837318499962828,0.0669046268503461,0.452111563406587,0
"2",0.867756671883908,0.0879223243400054,0.477839498111957,0.389824765659598
