"","X1","X2","middle","corArray"
"1",0.600986001238489,-0.170745298869927,0.215120351184281,0
"2",0.677000025692672,-0.136672761953146,0.270163631869763,0.389824765659598
