"","X1","X2","middle","corArray"
"1",0.539487407717229,-0.184226108177777,0.177630649769726,0
"2",0.53822824897241,-0.179598825570129,0.179314711701141,0.389824765659598
