"","X1","X2","middle","corArray"
"1",0.7703980536398,-0.0364111360103482,0.366993458814726,0
"2",0.818761184060539,0.0158269430650271,0.417294063562783,0.389824765659598
