"","X1","X2","middle","corArray"
"1",0.070011191582563,0.396624930628858,0.23331806110571,0
"2",0.0464134067727548,0.389966982595478,0.218190194684117,0.389824765659598
