"","X1","X2","middle","corArray"
"1",0.652859667584577,-0.170241952322116,0.241308857631231,0
"2",0.693206436757936,-0.171618602316607,0.260793917220665,0.389824765659598
