"","X1","X2","middle","corArray"
"1",0.768885591925591,0.0494873105372374,0.409186451231414,0
"2",0.798825147414466,0.0917751273296969,0.445300137372082,0.389824765659598
