"","X1","X2","middle","corArray"
"1",0.733671591788015,-0.0523334245917663,0.340669083598125,0
"2",0.771235693095955,-0.0441605016690441,0.363537595713455,0.389824765659598
