"","X1","X2","middle","corArray"
"1",0.508846646742286,-0.229562112952077,0.139642266895105,0
"2",0.558428128598143,-0.184650747353708,0.186888690622217,0.389824765659598
