"","X1","X2","middle","corArray"
"1",0.727043336177494,0.0544459590838033,0.390744647630649,0
"2",0.704873105967858,0.0226003932355749,0.363736749601716,0.389824765659598
