"","X1","X2","middle","corArray"
"1",0.629858446506413,-0.214558959843956,0.207649743331229,0
"2",0.712716064974432,-0.160763501429044,0.275976281772694,0.389824765659598
