"","X1","X2","middle","corArray"
"1",0.765682200073811,0.0445929571589804,0.405137578616396,0
"2",0.792031703197539,0.116209176483621,0.45412043984058,0.389824765659598
