"","X1","X2","middle","corArray"
"1",0.60659540490427,-0.145804656386628,0.230395374258821,0
"2",0.627858028767615,-0.132751171609058,0.247553428579278,0.389824765659598
