"","X1","X2","middle","corArray"
"1",0.685442434271479,-0.0818514294941642,0.301795502388657,0
"2",0.680519746571472,-0.0828893567944357,0.298815194888518,0.389824765659598
