"","X1","X2","middle","corArray"
"1",0.83328327745426,-0.0830183708421526,0.375132453306054,0
"2",0.853381027908447,-0.0561581497834756,0.398611439062486,0.389824765659598
