"","X1","X2","middle","corArray"
"1",0.614472228343032,-0.114224995891497,0.250123616225768,0
"2",0.622929933608776,-0.0974259275883939,0.262752003010191,0.389824765659598
