"","X1","X2","middle","corArray"
"1",0.88427076926862,0.134332574492843,0.509301671880732,0
"2",0.90218127095317,0.162811380257978,0.532496325605574,0.389824765659598
