"","X1","X2","middle","corArray"
"1",0.747650099783735,-0.087581274061485,0.330034412861125,0
"2",0.763505281440904,-0.0753679013980366,0.344068690021434,0.389824765659598
