"","X1","X2","middle","corArray"
"1",0.787620858569473,0.0258217938626204,0.406721326216047,0
"2",0.785023235450926,0.0501363481746242,0.417579791812775,0.389824765659598
