"","X1","X2","middle","corArray"
"1",0.655896020747723,-0.0973805842649378,0.279257718241393,0
"2",0.669803343096275,-0.073991100313332,0.297906121391471,0.389824765659598
