"","X1","X2","middle","corArray"
"1",0.832765871835602,-0.086118850407942,0.37332351071383,0
"2",0.860430146275169,-0.067754236245959,0.396337955014605,0.389824765659598
