"","X1","X2","middle","corArray"
"1",0.774150872322631,0.122478548429877,0.448314710376254,0
"2",0.76777174995316,0.102197474209906,0.434984612081533,0.389824765659598
