"","X1","X2","middle","corArray"
"1",0.680540348584834,-0.0576160066039428,0.311462170990445,0
"2",0.710463665709277,-0.048757714815657,0.33085297544681,0.389824765659598
