"","X1","X2","middle","corArray"
"1",0.686865301284533,-0.0160660946528143,0.335399603315859,0
"2",0.720682902281361,0.0374861492236545,0.379084525752508,0.389824765659598
