"","X1","X2","middle","corArray"
"1",0.53679196898896,-0.209502900876736,0.163644534056112,0
"2",0.579932241875519,-0.168876620348995,0.205527810763262,0.389824765659598
