"","X1","X2","middle","corArray"
"1",0.704348021970574,-0.0581913111848733,0.32307835539285,0
"2",0.712588260894674,-0.036558724440568,0.338014768227053,0.389824765659598
