"","X1","X2","middle","corArray"
"1",0.605570042036542,-0.189108534512871,0.208230753761836,0
"2",0.646113291453994,-0.130516147170728,0.257798572141633,0.389824765659598
