"","X1","X2","middle","corArray"
"1",0.629131627229959,-0.0805272765023086,0.274302175363825,0
"2",0.660990952284503,-0.0407832136567837,0.31010386931386,0.389824765659598
