"","X1","X2","middle","corArray"
"1",0.806749451003709,0.141925826731766,0.474337638867738,0
"2",0.793299665007192,0.096559142553844,0.444929403780518,0.389824765659598
