"","X1","X2","middle","corArray"
"1",0.787931237034473,-0.058371298626072,0.364779969204201,0
"2",0.79099390153512,-0.0650111333915342,0.362991384071793,0.389824765659598
