"","X1","X2","middle","corArray"
"1",0.856730863565882,0.0815610172629577,0.46914594041442,0
"2",0.843276070484706,0.0721390452986064,0.457707557891656,0.389824765659598
