"","X1","X2","middle","corArray"
"1",0.783872959494001,0.0201508511387387,0.40201190531637,0
"2",0.791951128681266,0.0623576705372456,0.427154399609256,0.389824765659598
