"","X1","X2","middle","corArray"
"1",0.735112501141044,-0.0549170278972246,0.34009773662191,0
"2",0.73690012728936,-0.067063645363912,0.334918240962724,0.389824765659598
