"","X1","X2","middle","corArray"
"1",0.711952060643448,-0.127964832294408,0.29199361417452,0
"2",0.732629631428931,-0.0666491806846892,0.332990225372121,0.389824765659598
