"","X1","X2","middle","corArray"
"1",0.809812116165552,-0.000220220628723511,0.404795947768414,0
"2",0.825989014078221,0.0202666931200936,0.423127853599157,0.389824765659598
