"","X1","X2","middle","corArray"
"1",0.369753906916138,0.78249212140418,0.576123014160159,0
"2",0.382728017342922,0.783560201976271,0.583144109659597,0.389824765659598
