"","X1","X2","middle","corArray"
"1",0.648697538928431,-0.0694699762812739,0.289613781323579,0
"2",0.67258202030717,-0.0415572313666081,0.315512394470281,0.389824765659598
