"","X1","X2","middle","corArray"
"1",0.612744603542883,-0.182565439070056,0.215089582236413,0
"2",0.646328126737128,-0.154477597332057,0.245925264702536,0.389824765659598
