"","X1","X2","middle","corArray"
"1",0.722758522527558,-0.0389212245521472,0.341918648987706,0
"2",0.7451621768576,-0.0140539043219312,0.365554136267835,0.389824765659598
