"","X1","X2","middle","corArray"
"1",0.59938012391059,-0.149045593421446,0.225167265244572,0
"2",0.593095829778085,-0.151833872626399,0.220630978575843,0.389824765659598
