"","X1","X2","middle","corArray"
"1",0.784948277984968,0.0747467444453502,0.429847511215159,0
"2",0.787132320273305,0.0806495125956755,0.43389091643449,0.389824765659598
