"","X1","X2","middle","corArray"
"1",0.784115367286935,-0.0101656639422281,0.386974851672353,0
"2",0.804701425550207,0.00866970701426267,0.406685566282235,0.389824765659598
