"","X1","X2","middle","corArray"
"1",0.757582019057729,0.0693299348393344,0.413455976948532,0
"2",0.806853375551362,0.124109084002909,0.465481229777135,0.389824765659598
