"","X1","X2","middle","corArray"
"1",0.813357210531998,0.0568271557943447,0.435092183163172,0
"2",0.811139906645469,0.0790933471457735,0.445116626895621,0.389824765659598
