"","X1","X2","middle","corArray"
"1",0.686542997363319,-0.108420739653605,0.289061128854857,0
"2",0.726031870593392,-0.0592678168054318,0.33338202689398,0.389824765659598
