"","X1","X2","middle","corArray"
"1",0.534718461283251,-0.149098040485443,0.192810210398904,0
"2",0.583725677660851,-0.10899616777686,0.237364754941995,0.389824765659598
