"","X1","X2","middle","corArray"
"1",0.763803430329685,-0.00445404486102424,0.37967469273433,0
"2",0.769645457448731,0.0218326458154949,0.395739051632113,0.389824765659598
