"","X1","X2","middle","corArray"
"1",0.626227910877992,-0.125362621110248,0.250432644883872,0
"2",0.689024729979123,-0.0754898459714783,0.306767442003822,0.389824765659598
