"","X1","X2","middle","corArray"
"1",0.471209871679521,-0.232577446986704,0.119316212346409,0
"2",0.515956638293321,-0.222260905517251,0.146847866388035,0.389824765659598
