"","X1","X2","middle","corArray"
"1",0.731523884800783,-0.0257561510709472,0.352883866864918,0
"2",0.735767326399199,-0.0123970733486355,0.361685126525282,0.389824765659598
