"","X1","X2","middle","corArray"
"1",0.322909809766337,-0.240059225869211,0.041425291948563,0
"2",0.345118510759239,-0.228386609686674,0.0583659505362824,0.389824765659598
