"","X1","X2","middle","corArray"
"1",0.753009747349195,0.060672899985291,0.406841323667243,0
"2",0.77152430184542,0.103201644412762,0.437362973129091,0.389824765659598
