"","X1","X2","middle","corArray"
"1",0.749328077690621,0.0195727391352543,0.384450408412938,0
"2",0.745633816902054,0.0234344763615768,0.384534146631815,0.389824765659598
