"","X1","X2","middle","corArray"
"1",0.699405733317864,-0.0573800846860111,0.321012824315926,0
"2",0.717648538845426,-0.0455312346851817,0.336058652080122,0.389824765659598
