"","X1","X2","middle","corArray"
"1",0.654748635144113,-0.0469334773555016,0.303907578894306,0
"2",0.673386061239249,-0.0288315795682019,0.322277240835524,0.389824765659598
