"","X1","X2","middle","corArray"
"1",0.767231114450229,-0.0252838564149663,0.370973629017631,0
"2",0.78601429083719,0.0102517012495649,0.398132996043377,0.389824765659598
