"","X1","X2","middle","corArray"
"1",0.736014031708088,0.0892774194313286,0.412645725569708,0
"2",0.750769484289781,0.113760872114929,0.432265178202355,0.389824765659598
