"","X1","X2","middle","corArray"
"1",0.639511900541075,-0.129505347133378,0.255003276703849,0
"2",0.669415039251851,-0.104668545150147,0.282373247050852,0.389824765659598
