"","X1","X2","middle","corArray"
"1",0.772858554913074,0.0676369313266884,0.420247743119881,0
"2",0.789956316925062,0.0941794044588662,0.442067860691964,0.389824765659598
