"","X1","X2","middle","corArray"
"1",0.656393687863005,-0.0589665528855478,0.298713567488729,0
"2",0.691972805784285,-0.0347204383888855,0.3286261836977,0.389824765659598
