"","X1","X2","middle","corArray"
"1",0.726415954789487,-0.0223635935718143,0.352026180608836,0
"2",0.742976573242365,-0.0102016287962118,0.366387472223076,0.389824765659598
