"","X1","X2","middle","corArray"
"1",0.802191796179419,0.0280721675240213,0.41513198185172,0
"2",0.847758436343357,0.0859746580696142,0.466866547206486,0.389824765659598
