"","X1","X2","middle","corArray"
"1",0.778956606569913,-0.112389963975737,0.333283321297088,0
"2",0.812096366340926,-0.0817000632567782,0.365198151542074,0.389824765659598
