"","X1","X2","middle","corArray"
"1",0.701287120066154,-0.0895091581534342,0.30588898095636,0
"2",0.741621329043386,-0.0537177906690717,0.343951769187157,0.389824765659598
