"","X1","X2","middle","corArray"
"1",0.779603854599296,0.172050541517797,0.475827198058547,0
"2",0.783257945750469,0.168498544319742,0.475878245035106,0.389824765659598
