"","X1","X2","middle","corArray"
"1",0.453629741590053,-0.270693718731929,0.0914680114290623,0
"2",0.420033745689169,-0.290326147789517,0.0648537989498263,0.389824765659598
