"","X1","X2","middle","corArray"
"1",0.966124199712395,0.0622118171307313,0.514168008421563,0
"2",0.971911524868884,0.0573815712330599,0.514646548050972,0.389824765659598
