"","X1","X2","middle","corArray"
"1",0.383807063967218,-0.246851581928268,0.0684777410194751,0
"2",0.388913853289424,-0.235932890934578,0.0764904811774227,0.389824765659598
