"","X1","X2","middle","corArray"
"1",0.832407555338838,0.0680353892492288,0.450221472294033,0
"2",0.838121024545539,0.0896522005362187,0.463886612540879,0.389824765659598
