"","X1","X2","middle","corArray"
"1",0.652578237511015,-0.10295693604756,0.274810650731728,0
"2",0.696022985118095,-0.0739209506662967,0.311051017225899,0.389824765659598
