"","X1","X2","middle","corArray"
"1",0.622462640707105,-0.11200035674281,0.255231141982147,0
"2",0.639943986040108,-0.123244884837524,0.258349550601292,0.389824765659598
