"","X1","X2","middle","corArray"
"1",0.760635656327464,-0.0897188618652486,0.335458397231108,0
"2",0.763695553949989,-0.0795830390100447,0.342056257469972,0.389824765659598
