"","X1","X2","middle","corArray"
"1",0.816013021161081,0.0814852456833969,0.448749133422239,0
"2",0.803657796921042,0.0318829999856142,0.417770398453328,0.389824765659598
