"","X1","X2","middle","corArray"
"1",0.655924552681425,-0.027246848996149,0.314338851842638,0
"2",0.669908532918494,-0.00795474890438885,0.330976892007052,0.389824765659598
