"","X1","X2","middle","corArray"
"1",0.710303115329324,-0.107476769652655,0.301413172838334,0
"2",0.748193323699005,-0.0831465627716665,0.332523380463669,0.389824765659598
