"","X1","X2","middle","corArray"
"1",0.452456662512173,-0.185241356141379,0.133607653185397,0
"2",0.428046239676661,-0.195814712245512,0.116115763715575,0.389824765659598
