"","X1","X2","middle","corArray"
"1",0.651611125203058,-0.0859344233877883,0.282838350907635,0
"2",0.693941224730217,-0.0764929125716201,0.308724156079299,0.389824765659598
