"","X1","X2","middle","corArray"
"1",0.74196748163571,0.081992103670937,0.411979792653324,0
"2",0.729784025049527,0.0624196070272526,0.39610181603839,0.389824765659598
