"","X1","X2","middle","corArray"
"1",0.742228775049676,0.0130609714061341,0.377644873227905,0
"2",0.729146007856462,0.00627288421741473,0.367709446036938,0.389824765659598
