"","X1","X2","middle","corArray"
"1",0.870483817587605,0.472290177932417,0.671386997760011,0
"2",0.861473730191487,0.468774292479806,0.665124011335647,0.389824765659598
