"","X1","X2","middle","corArray"
"1",0.667514321401445,-0.234845397448519,0.216334461976463,0
"2",0.705254472036596,-0.203370195421602,0.250942138307497,0.389824765659598
