"","X1","X2","middle","corArray"
"1",0.730198230112056,0.0549961014542279,0.392597165783142,0
"2",0.704064711770743,0.0180284610531456,0.361046586411944,0.389824765659598
