"","X1","X2","middle","corArray"
"1",0.618263189611133,-0.0929875762988481,0.262637806656142,0
"2",0.683648232973468,-0.0283348765838529,0.327656678194808,0.389824765659598
