"","X1","X2","middle","corArray"
"1",0.90229062624755,0.0227207085763807,0.462505667411966,0
"2",0.910443053032067,0.0363084531185135,0.47337575307529,0.389824765659598
