"","X1","X2","middle","corArray"
"1",0.730762936244091,-0.0893825813241221,0.320690177459985,0
"2",0.789824574493046,-0.00862082155895977,0.390601876467043,0.389824765659598
