"","X1","X2","middle","corArray"
"1",0.612170962910011,-0.210298365689752,0.200936298610129,0
"2",0.680593131385514,-0.165730047069775,0.25743154215787,0.389824765659598
