"","X1","X2","middle","corArray"
"1",0.712080547517686,-0.0050841900112118,0.353498178753237,0
"2",0.730846669109411,0.0315663560645512,0.381206512586981,0.389824765659598
