"","X1","X2","middle","corArray"
"1",0.332862034482675,-0.263524475099407,0.0346687796916339,0
"2",0.410874976961461,-0.248779044198086,0.0810479663816877,0.389824765659598
