"","X1","X2","middle","corArray"
"1",0.807888779021812,0.221595158102753,0.514741968562282,0
"2",0.820744646472021,0.292151329700403,0.556447988086212,0.389824765659598
