"","X1","X2","middle","corArray"
"1",0.766102149643286,0.0232575283744434,0.394679839008865,0
"2",0.79011886547295,0.0812127998757022,0.435665832674326,0.389824765659598
