"","X1","X2","middle","corArray"
"1",0.430104129103733,-0.27685323138482,0.0766254488594568,0
"2",0.428483991859983,-0.268861620125109,0.0798111858674369,0.389824765659598
