"","X1","X2","middle","corArray"
"1",0.968969646144752,-0.0299398951391409,0.469514875502806,0
"2",1.00430534711126,0.0295012769348003,0.516903312023029,0.389824765659598
