"","X1","X2","middle","corArray"
"1",0.438400200974195,-0.252517734729851,0.0929412331221719,0
"2",0.481797532067671,-0.215361434006742,0.133218049030464,0.389824765659598
