"","X1","X2","middle","corArray"
"1",0.767032242086405,0.0182022550841567,0.392617248585281,0
"2",0.785489960100432,0.0747593908575685,0.430124675479,0.389824765659598
