"","X1","X2","middle","corArray"
"1",0.820994688571249,0.201002843467674,0.510998766019461,0
"2",0.826603166937464,0.211307731072548,0.518955449005006,0.389824765659598
