"","X1","X2","middle","corArray"
"1",0.705074016256796,-0.0118354962693212,0.346619259993738,0
"2",0.720512092970218,0.0159429553502095,0.368227524160214,0.389824765659598
