"","X1","X2","middle","corArray"
"1",0.547740396004593,-0.138999170792656,0.204370612605969,0
"2",0.575911044476914,-0.117142353136532,0.229384345670191,0.389824765659598
