"","X1","X2","middle","corArray"
"1",0.732986876557838,-0.00458997062590527,0.364198452965966,0
"2",0.762666264829709,0.0509341814869875,0.406800223158348,0.389824765659598
