"","X1","X2","middle","corArray"
"1",0.721573022298538,-0.122957190879993,0.299307915709272,0
"2",0.735753825373521,-0.107772074681454,0.313990875346034,0.389824765659598
