"","X1","X2","middle","corArray"
"1",0.654330952719034,-0.173752146190152,0.240289403264441,0
"2",0.650445748180393,-0.161624486976966,0.244410630601713,0.389824765659598
