"","X1","X2","middle","corArray"
"1",0.795031212094102,0.141973859593812,0.468502535843957,0
"2",0.793129831068624,0.14382057872797,0.468475204898297,0.389824765659598
