"","X1","X2","middle","corArray"
"1",0.713090101911573,0.00373007944849013,0.358410090680032,0
"2",0.739359056114775,0.038694585167903,0.389026820641339,0.389824765659598
