"","X1","X2","middle","corArray"
"1",0.445282467332298,0.744153377043699,0.594717922187999,0
"2",0.460470093451621,0.725624404471175,0.593047248961398,0.389824765659598
