"","X1","X2","middle","corArray"
"1",0.458786222562765,-0.191784867922697,0.133500677320034,0
"2",0.443951084376684,-0.195280389783934,0.124335347296375,0.389824765659598
