"","X1","X2","middle","corArray"
"1",0.233863269753786,0.720806108731039,0.477334689242413,0
"2",0.336657930965518,0.76090757661797,0.548782753791744,0.389824765659598
