"","X1","X2","middle","corArray"
"1",0.6860794325364,-0.0248480935164245,0.330615669509988,0
"2",0.670004935748088,-0.0551519851345759,0.307426475306756,0.389824765659598
