"","X1","X2","middle","corArray"
"1",0.422499564627259,-0.249725378377665,0.086387093124797,0
"2",0.441691420061431,-0.244514417554493,0.0985885012534691,0.389824765659598
