"","X1","X2","middle","corArray"
"1",0.754053008083587,0.0562980659029143,0.40517553699325,0
"2",0.770034737733219,0.0683396284511079,0.419187183092164,0.389824765659598
