"","X1","X2","middle","corArray"
"1",0.725809399221027,-0.0909752880552951,0.317417055582866,0
"2",0.726476335660439,-0.0841242205825103,0.321176057538964,0.389824765659598
