"","X1","X2","middle","corArray"
"1",0.309944844502558,0.454143416704366,0.382044130603462,0
"2",0.325951688342051,0.462076888511301,0.394014288426676,0.389824765659598
