"","X1","X2","middle","corArray"
"1",0.756016266400793,0.0242809302930536,0.390148598346923,0
"2",0.755741847003985,0.0299094575562633,0.392825652280124,0.389824765659598
