"","X1","X2","middle","corArray"
"1",0.645329155637433,-0.1765236652912,0.234402745173117,0
"2",0.675788978446004,-0.160397092936048,0.257695942754978,0.389824765659598
