"","X1","X2","middle","corArray"
"1",0.671193966973799,-0.0731894221789354,0.299002272397432,0
"2",0.685234508515713,-0.0506696092449974,0.317282449635358,0.389824765659598
