"","X1","X2","middle","corArray"
"1",0.921295085020022,0.0015904205723441,0.461442752796183,0
"2",0.922101915208096,-0.000416470993030771,0.460842722107533,0.389824765659598
