"","X1","X2","middle","corArray"
"1",0.686642234307068,-0.209065400687226,0.238788416809921,0
"2",0.730635090122982,-0.137583206805433,0.296525941658774,0.389824765659598
