"","X1","X2","middle","corArray"
"1",0.836259681562628,0.220334429994541,0.528297055778584,0
"2",0.838086164602391,0.243960886902762,0.541023525752577,0.389824765659598
