"","X1","X2","middle","corArray"
"1",0.730095637297751,0.0319210965878775,0.381008366942814,0
"2",0.736400368636083,0.0508694762146639,0.393634922425373,0.389824765659598
