"","X1","X2","middle","corArray"
"1",0.780204355424932,0.168172865946937,0.474188610685935,0
"2",0.795718564334162,0.202438203239163,0.499078383786663,0.389824765659598
