"","X1","X2","middle","corArray"
"1",0.530092102513602,-0.204662613579433,0.162714744467085,0
"2",0.583417509237368,-0.179012627270126,0.202202440983621,0.389824765659598
