"","X1","X2","middle","corArray"
"1",0.637878342381997,-0.0777208675688515,0.280078737406573,0
"2",0.652489100064298,-0.0580614285721691,0.297213835746065,0.389824765659598
