"","X1","X2","middle","corArray"
"1",0.825572219209597,0.188732289187518,0.507152254198557,0
"2",0.831842418549688,0.221586658048413,0.526714538299051,0.389824765659598
