"","X1","X2","middle","corArray"
"1",0.801682655428859,-0.132664227654933,0.334509213886963,0
"2",0.830437424226856,-0.104213396324091,0.363112013951382,0.389824765659598
