"","X1","X2","middle","corArray"
"1",0.749697814942133,0.0598739561601022,0.404785885551118,0
"2",0.766896817388276,0.0996704546538505,0.433283636021063,0.389824765659598
