"","X1","X2","middle","corArray"
"1",0.642069245079125,-0.0397210635608913,0.301174090759117,0
"2",0.684666997179462,0.00819987180093379,0.346433434490198,0.389824765659598
