"","X1","X2","middle","corArray"
"1",0.598857900210796,-0.169812022010835,0.21452293909998,0
"2",0.651954691872087,-0.130511240398428,0.260721725736829,0.389824765659598
