"","X1","X2","middle","corArray"
"1",0.501656543100434,-0.170911600177918,0.165372471461258,0
"2",0.522929424545981,-0.15935679671009,0.181786313917946,0.389824765659598
