"","X1","X2","middle","corArray"
"1",0.710526265578359,-0.0619443646185823,0.324290950479889,0
"2",0.703342611429456,-0.0675976019610578,0.317872504734199,0.389824765659598
