"","X1","X2","middle","corArray"
"1",0.750755055363906,0.00661545929817808,0.378685257331042,0
"2",0.789006439891486,0.075363311178753,0.432184875535119,0.389824765659598
