"","X1","X2","middle","corArray"
"1",0.0889661197989463,0.385784643814263,0.237375381806605,0
"2",0.0765661924860588,0.426640191796312,0.251603192141185,0.191125694618226
"3",0.0622965068929291,0.46388309158622,0.263089799239575,0.338140473806769
"4",0.0461778341478739,0.498731322967951,0.272454578557912,0.428141818211595
"5",0.0281397368587189,0.53205005000326,0.280094893430989,0.473627495064799
