"","X1","X2","middle","corArray"
"1",0.480481659324418,-0.170999848386885,0.154740905468767,0
"2",0.464509495026422,-0.178675919864062,0.14291678758118,0.389824765659598
