"","X1","X2","middle","corArray"
"1",0.858232666877393,-0.0138374679660249,0.422197599455684,0
"2",0.85129152664847,-0.015242520087319,0.418024503280576,0.389824765659598
