"","X1","X2","middle","corArray"
"1",0.749261327718217,-0.019449375831057,0.36490597594358,0
"2",0.761561950112112,-0.0130185967308379,0.374271676690637,0.389824765659598
