"","X1","X2","middle","corArray"
"1",0.58453757359065,-0.144356657004816,0.220090458292917,0
"2",0.661450015928749,-0.0910289846738022,0.285210515627473,0.389824765659598
