"","X1","X2","middle","corArray"
"1",0.686423134664979,-0.0336765392763077,0.326373297694336,0
"2",0.672988222849312,-0.0485847166763164,0.312201753086498,0.389824765659598
