"","X1","X2","middle","corArray"
"1",0.959475555073022,-0.245314025566964,0.357080764753029,0
"2",1.02093075030877,-0.225045816809824,0.397942466749475,0.389824765659598
