"","X1","X2","middle","corArray"
"1",0.802633846547303,-0.0591048942580074,0.371764476144648,0
"2",0.755930853082521,-0.0958172128386937,0.330056820121914,0.389824765659598
