"","X1","X2","middle","corArray"
"1",0.739589172930715,0.056787155664519,0.398188164297617,0
"2",0.755743956981095,0.0921293558942435,0.423936656437669,0.389824765659598
