"","X1","X2","middle","corArray"
"1",0.403867987371331,-0.213448525511757,0.0952097309297872,0
"2",0.420127905948926,-0.203199512995202,0.108464196476862,0.389824765659598
