"","X1","X2","middle","corArray"
"1",0.60545051848318,-0.106751435983254,0.249349541249963,0
"2",0.586407338270773,-0.112818616544363,0.236794360863205,0.389824765659598
