"","X1","X2","middle","corArray"
"1",0.700682881799929,-0.0730931180176239,0.313794881891153,0
"2",0.70006655364589,-0.0691066479765093,0.31547995283469,0.389824765659598
