"","X1","X2","middle","corArray"
"1",0.740638855217368,-0.00974243530688917,0.36544820995524,0
"2",0.740850270014247,0.00599064394899862,0.373420456981623,0.389824765659598
