"","X1","X2","middle","corArray"
"1",0.737894567177359,0.0642103306709402,0.40105244892415,0
"2",0.742385642435922,0.0801344911624143,0.411260066799168,0.389824765659598
