"","X1","X2","middle","corArray"
"1",0.720881958109451,0.0260491079531384,0.373465533031295,0
"2",0.719213806825598,0.0194202883988212,0.36931704761221,0.389824765659598
