"","X1","X2","middle","corArray"
"1",0.687538500754354,-0.0548475714217608,0.316345464666296,0
"2",0.714765431922671,-0.0605571740178847,0.327104128952393,0.389824765659598
