"","X1","X2","middle","corArray"
"1",0.821944094517657,0.225108610172032,0.523526352344844,0
"2",0.828036399562014,0.272157901420689,0.550097150491352,0.389824765659598
