"","X1","X2","middle","corArray"
"1",0.700956838811626,-0.0477071294505272,0.326624854680549,0
"2",0.687689868959687,-0.0606816125434254,0.313504128208131,0.389824765659598
