"","X1","X2","middle","corArray"
"1",0.509303786315596,-0.258665773354399,0.125319006480598,0
"2",0.565344160371956,-0.242541678290559,0.161401241040698,0.389824765659598
