"","X1","X2","middle","corArray"
"1",0.824247777686503,0.204749751513118,0.51449876459981,0
"2",0.815867926223994,0.177747104971032,0.496807515597513,0.389824765659598
