"","X1","X2","middle","corArray"
"1",0.601179226483156,-0.119811574961804,0.240683825760676,0
"2",0.627822495274902,-0.103205847548708,0.262308323863097,0.389824765659598
