"","X1","X2","middle","corArray"
"1",0.869139009955631,0.266929678551959,0.568034344253795,0
"2",0.880559035332156,0.278128157416873,0.579343596374514,0.389824765659598
