"","X1","X2","middle","corArray"
"1",0.695568315277712,-0.0323677948432496,0.331600260217231,0
"2",0.724624909751778,0.00293075424120226,0.36377783199649,0.389824765659598
