"","X1","X2","middle","corArray"
"1",0.792610003757981,0.0580914929207276,0.425350748339354,0
"2",0.774028073793578,0.0142784041559724,0.394153238974775,0.389824765659598
