"","X1","X2","middle","corArray"
"1",0.766352445233124,0.0288041750837405,0.397578310158432,0
"2",0.796808773409718,0.0600397630000889,0.428424268204903,0.389824765659598
