"","X1","X2","middle","corArray"
"1",0.677350551926048,-0.065516735540836,0.305916908192606,0
"2",0.726810321522402,0.000699242039297721,0.36375478178085,0.389824765659598
