"","X1","X2","middle","corArray"
"1",0.739073904789924,-0.100386875130054,0.319343514829935,0
"2",0.736282364090547,-0.0987551992692766,0.318763582410635,0.389824765659598
