"","X1","X2","middle","corArray"
"1",0.787575739547875,0.0410718844593844,0.41432381200363,0
"2",0.804019392439272,0.106602631115,0.455311011777136,0.389824765659598
