"","X1","X2","middle","corArray"
"1",0.629684711414614,-0.109978572267651,0.259853069573482,0
"2",0.608617660485572,-0.121066497084152,0.24377558170071,0.389824765659598
