"","X1","X2","middle","corArray"
"1",0.690309003819771,-0.058759164934892,0.31577491944244,0
"2",0.719795695836581,-0.0104486926392489,0.354673501598666,0.389824765659598
