"","X1","X2","middle","corArray"
"1",0.810916821280331,0.113587238965574,0.462252030122953,0
"2",0.810288484492924,0.126328867963677,0.468308676228301,0.389824765659598
