"","X1","X2","middle","corArray"
"1",0.697044579206222,-0.147032238314413,0.275006170445904,0
"2",0.708592404220723,-0.139991661524154,0.284300371348284,0.389824765659598
