"","X1","X2","middle","corArray"
"1",0.694785423348174,-0.195975270393203,0.249405076477485,0
"2",0.71340937339431,-0.167681228360392,0.272864072516959,0.389824765659598
