"","X1","X2","middle","corArray"
"1",0.640068208863867,-0.0939825910830551,0.273042808890406,0
"2",0.666945826199116,-0.0658963678799864,0.300524729159565,0.389824765659598
