"","X1","X2","middle","corArray"
"1",0.666034853219107,-0.0522855914803097,0.306874630869399,0
"2",0.69694887362093,-0.0315691793671403,0.332689847126895,0.389824765659598
