"","X1","X2","middle","corArray"
"1",0.471488442744041,-0.211896876594282,0.129795783074879,0
"2",0.523932988363687,-0.194356018442233,0.164788484960727,0.389824765659598
