"","X1","X2","middle","corArray"
"1",0.723241243399713,0.0609518977271195,0.392096570563416,0
"2",0.721030763749625,0.0601623599541177,0.390596561851871,0.389824765659598
