"","X1","X2","middle","corArray"
"1",0.580212363427379,-0.127504060495408,0.226354151465986,0
"2",0.595322104879619,-0.105830508308591,0.244745798285514,0.389824765659598
