"","X1","X2","middle","corArray"
"1",-0.502099161559852,1.20941794178753,0.353659390113839,0
"2",-0.575928153524566,1.23093512577656,0.327503486125997,0.389824765659598
