"","X1","X2","middle","corArray"
"1",0.329117593280309,1.03312352729487,0.681120560287587,0
"2",0.33940015722786,1.0015796165012,0.670489886864529,0.389824765659598
