"","X1","X2","middle","corArray"
"1",-0.0177075246531093,0.494165799537388,0.238229137442139,0
"2",0.063083491099088,0.52550621741816,0.294294854258624,0.389824765659598
