"","X1","X2","middle","corArray"
"1",0.0577653083546124,0.18501715478096,0.121391231567786,0
"2",0.101336935177194,0.240112923929554,0.170724929553374,0.389824765659598
