"","X1","X2","middle","corArray"
"1",-0.352235789809834,1.2487310502584,0.448247630224283,0
"2",-0.316027904033616,1.22347024386388,0.453721169915133,0.389824765659598
