"","X1","X2","middle","corArray"
"1",-0.0824873212590736,0.41685132025394,0.167181999497433,0
"2",-0.000108847578275756,0.433062361313151,0.216476756867438,0.389824765659598
