"","X1","X2","middle","corArray"
"1",0.137397177024259,0.493819861454279,0.315608519239269,0
"2",0.155516816621623,0.518575618737889,0.337046217679756,0.389824765659598
