"","X1","X2","middle","corArray"
"1",0.172751861405328,0.497159646904721,0.334955754155025,0
"2",0.22405095482061,0.50182483880104,0.362937896810825,0.389824765659598
