"","X1","X2","middle","corArray"
"1",0.243016792581625,0.404561154157705,0.323788973369665,0
"2",0.280408185206825,0.451575637005872,0.365991911106348,0.389824765659598
