"","X1","X2","middle","corArray"
"1",-0.0361014890004672,0.54681488783588,0.255356699417706,0
"2",-0.0177227682159529,0.548751180026653,0.26551420590535,0.389824765659598
