"","X1","X2","middle","corArray"
"1",0.0686550739619345,0.566419477049279,0.317537275505607,0
"2",0.0669124635951724,0.564095303082397,0.315503883338785,0.389824765659598
