"","X1","X2","middle","corArray"
"1",0.0398987885189604,0.689713591247068,0.364806189883014,0
"2",-0.0477794662051103,0.707110416946191,0.32966547537054,0.389824765659598
