"","X1","X2","middle","corArray"
"1",0.0333431784779998,0.496830547441401,0.265086862959701,0
"2",0.065001693250236,0.529163167341244,0.29708243029574,0.389824765659598
