"","X1","X2","middle","corArray"
"1",0.182819542085096,0.592366997121784,0.38759326960344,0
"2",0.194606029250696,0.583925499053426,0.389265764152061,0.389824765659598
