"","X1","X2","middle","corArray"
"1",0.0066676263033589,0.428847617022599,0.217757621662979,0
"2",0.0707135166908436,0.458298202356126,0.264505859523485,0.389824765659598
