"","X1","X2","middle","corArray"
"1",0.0734226189423172,0.562202148648355,0.317812383795336,0
"2",0.0865926615474774,0.56317358878407,0.324883125165774,0.389824765659598
