"","X1","X2","middle","corArray"
"1",0.323819905183643,0.413999572666464,0.368909738925054,0
"2",0.34569324284279,0.432171998221106,0.388932620531948,0.389824765659598
