"","X1","X2","middle","corArray"
"1",-0.781819874269868,1.51377215025907,0.3659761379946,0
"2",-0.520468418692419,1.33916003740959,0.409345809358587,0.389824765659598
