"","X1","X2","middle","corArray"
"1",0.223355687352161,0.637127658811834,0.430241673081998,0
"2",0.220308771988543,0.639888041612318,0.43009840680043,0.389824765659598
