"","X1","X2","middle","corArray"
"1",0.187208664412492,0.560794233501862,0.374001448957177,0
"2",0.187913823919159,0.556223911056787,0.372068867487973,0.389824765659598
