"","X1","X2","middle","corArray"
"1",-0.0268020622784138,0.525155326569995,0.249176632145791,0
"2",0.054606060885231,0.59220073484757,0.323403397866401,0.389824765659598
