"","X1","X2","middle","corArray"
"1",0.372239044433155,0.482161059940265,0.42720005218671,0
"2",0.413784049614085,0.510849305287719,0.462316677450902,0.389824765659598
