"","X1","X2","middle","corArray"
"1",0.0489945361067032,0.508913140277692,0.278953838192198,0
"2",0.0990905090351681,0.513090508235079,0.306090508635124,0.389824765659598
