"","X1","X2","middle","corArray"
"1",0.183475524667014,0.59309482457767,0.388285174622342,0
"2",0.282610398719393,0.610546978182325,0.446578688450859,0.389824765659598
