"","X1","X2","middle","corArray"
"1",0.00213708125957324,0.492656318647762,0.247396699953668,0
"2",0.0424804349325333,0.50565041733477,0.274065426133652,0.389824765659598
