"","X1","X2","middle","corArray"
"1",0.408044200884435,0.76056351223192,0.584303856558177,0
"2",0.450029195569834,0.773458949957288,0.611744072763561,0.389824765659598
