"","X1","X2","middle","corArray"
"1",-1.21405546816259,0.709305663639698,-0.252374902261444,0
"2",-1.13724460505687,0.476693869849405,-0.330275367603734,0.389824765659598
