"","X1","X2","middle","corArray"
"1",0.119898465946195,0.448730564986127,0.284314515466161,0
"2",0.149416790606519,0.452883611931274,0.301150201268897,0.389824765659598
