"","X1","X2","middle","corArray"
"1",-0.966594243915403,0.728107296131058,-0.119243473892173,0
"2",-0.893890546883344,0.73618991457689,-0.078850316153227,0.389824765659598
