"","X1","X2","middle","corArray"
"1",-0.959053159604708,1.15220069028568,0.0965737653404863,0
"2",-0.93710729613422,1.21413013778257,0.138511420824174,0.389824765659598
