"","X1","X2","middle","corArray"
"1",0.200517812328517,0.526160913848732,0.363339363088625,0
"2",0.219109086358631,0.525987419068815,0.372548252713723,0.389824765659598
