"","X1","X2","middle","corArray"
"1",0.427505097845189,0.539485962230981,0.483495530038085,0
"2",0.468607050755121,0.567821298849242,0.518214174802182,0.389824765659598
