"","X1","X2","middle","corArray"
"1",-0.786836716707132,0.503922318729412,-0.14145719898886,0
"2",-0.85540962749988,0.578198135878334,-0.138605745810773,0.389824765659598
