"","X1","X2","middle","corArray"
"1",0.386333377058124,0.662168352632146,0.524250864845135,0
"2",0.326984338143048,0.714486506576024,0.520735422359536,0.389824765659598
