"","X1","X2","middle","corArray"
"1",0.158131920518635,0.509690628884931,0.333911274701783,0
"2",0.168933234976616,0.51965056306336,0.344291899019988,0.389824765659598
