"","X1","X2","middle","corArray"
"1",0.070596829135776,0.69323519691671,0.381916013026243,0
"2",-0.0203284760879739,0.68399981993951,0.331835671925768,0.389824765659598
