"","X1","X2","middle","corArray"
"1",0.19915660428966,0.367264321343834,0.283210462816747,0
"2",0.233362415328651,0.383646486071452,0.308504450700051,0.389824765659598
