"","X1","X2","middle","corArray"
"1",0.338269823335626,0.422329891551771,0.380299857443698,0
"2",0.385460996950729,0.452839271264211,0.41915013410747,0.389824765659598
