"","X1","X2","middle","corArray"
"1",-0.146479659885615,0.282821025861723,0.0681706829880539,0
"2",-0.129137720570566,0.261802342956375,0.0663323111929043,0.389824765659598
