"","X1","X2","middle","corArray"
"1",0.0645875072912438,0.533225730894573,0.298906619092908,0
"2",0.0560206739127263,0.533828892546734,0.29492478322973,0.389824765659598
