"","X1","X2","middle","corArray"
"1",0.258936827392792,0.586160652636115,0.422548740014454,0
"2",0.285936183987124,0.594616766257691,0.440276475122407,0.389824765659598
