"","X1","X2","middle","corArray"
"1",0.375516956155658,0.543906955587945,0.459711955871801,0
"2",0.382212381770525,0.558315693199164,0.470264037484845,0.389824765659598
