"","bettaLrv","bettaLrvHat"
"1",1,1.03085111895041
"2",1.00977097157538,1.06583973338526
"3",1.0365290311433,1.11910657355175
"4",1.07386689961333,1.17374051693046
"5",1.11433898002627,1.21568709294571
"6",1.15196334792156,1.25431301875092
"7",1.18330541650153,1.31363868827548
"8",1.20727280490538,1.39877606488472
"9",1.22432300408136,1.48772088919839
"10",1.23566427849098,1.56390703919622
"11",1.24269745529193,1.63095021671957
