"","bettaLrv","bettaLrvHat"
"1",1,0.859803461651518
"2",1.00977097157538,0.88466850626811
"3",1.0365290311433,0.926042648640728
"4",1.07386689961333,0.982267958994154
"5",1.11433898002627,1.05121134767801
"6",1.15196334792156,1.13229944284865
"7",1.18330541650153,1.2277396831366
"8",1.20727280490538,1.3403404503234
"9",1.22432300408136,1.47011745885175
"10",1.23566427849098,1.61351362284104
"11",1.24269745529193,1.76683340467562
