"","bettaLrv","bettaLrvHat"
"1",1,1.08286185905489
"2",1.00977097157538,1.10252664371377
"3",1.0365290311433,1.12489124248494
"4",1.07386689961333,1.14445862702844
"5",1.11433898002627,1.16829008633066
"6",1.15196334792156,1.20979700108044
"7",1.18330541650153,1.25553228992592
"8",1.20727280490538,1.29073941112064
"9",1.22432300408136,1.32732840658832
"10",1.23566427849098,1.37471491287027
"11",1.24269745529193,1.43424990582376
